ID,CATALOG_NUMBER,LOGO
398127,30004566,/home/dima/NetBeans/internal/image-placeholders-generator/logo.png
398128,30004567,/home/dima/NetBeans/internal/image-placeholders-generator/logo.png
398130,30004526,/home/dima/NetBeans/internal/image-placeholders-generator/logo.png
398131,30004528,/home/dima/NetBeans/internal/image-placeholders-generator/logo.png
398135,30004568,/home/dima/NetBeans/internal/image-placeholders-generator/logo.png
398143,30004527,/home/dima/NetBeans/internal/image-placeholders-generator/logo.png
398160,8-607-001-004-3,/home/dima/NetBeans/internal/image-placeholders-generator/logo.png
398186,30009512,/home/dima/NetBeans/internal/image-placeholders-generator/logo.png
398225,30004565,/home/dima/NetBeans/internal/image-placeholders-generator/logo.png
398242,30009535,/home/dima/NetBeans/internal/image-placeholders-generator/logo.png
398247,30007957,/home/dima/NetBeans/internal/image-placeholders-generator/logo.png
398253,30004570,/home/dima/NetBeans/internal/image-placeholders-generator/logo.png
398255,30004569,/home/dima/NetBeans/internal/image-placeholders-generator/logo.png
398347,20000702,/home/dima/NetBeans/internal/image-placeholders-generator/logo.png
398414,8-609-002-002-4,/home/dima/NetBeans/internal/image-placeholders-generator/logo.png
398438,30003891,/home/dima/NetBeans/internal/image-placeholders-generator/logo.png
398534,20000710,/home/dima/NetBeans/internal/image-placeholders-generator/logo.png
398620,30009489,/home/dima/NetBeans/internal/image-placeholders-generator/logo.png
398740,20000700,/home/dima/NetBeans/internal/image-placeholders-generator/logo.png
398780,30009525,/home/dima/NetBeans/internal/image-placeholders-generator/logo.png
398798,30009514,/home/dima/NetBeans/internal/image-placeholders-generator/logo.png
398899,30009516,/home/dima/NetBeans/internal/image-placeholders-generator/logo.png
399066,20000696,/home/dima/NetBeans/internal/image-placeholders-generator/logo.png
399068,20000703,/home/dima/NetBeans/internal/image-placeholders-generator/logo.png
399069,20000704,/home/dima/NetBeans/internal/image-placeholders-generator/logo.png
399070,30007978,/home/dima/NetBeans/internal/image-placeholders-generator/logo.png
399071,20000699,/home/dima/NetBeans/internal/image-placeholders-generator/logo.png
399074,20000707,/home/dima/NetBeans/internal/image-placeholders-generator/logo.png
399075,6-612-002-001-0000,/home/dima/NetBeans/internal/image-placeholders-generator/logo.png
399076,20000708,/home/dima/NetBeans/internal/image-placeholders-generator/logo.png
399077,6-609-005-008-0000,/home/dima/NetBeans/internal/image-placeholders-generator/logo.png
399078,6-609-005-009-0000,/home/dima/NetBeans/internal/image-placeholders-generator/logo.png
399082,20000689,/home/dima/NetBeans/internal/image-placeholders-generator/logo.png
399083,20000690,/home/dima/NetBeans/internal/image-placeholders-generator/logo.png
399084,20000685,/home/dima/NetBeans/internal/image-placeholders-generator/logo.png
399085,20000686,/home/dima/NetBeans/internal/image-placeholders-generator/logo.png
399086,20000687,/home/dima/NetBeans/internal/image-placeholders-generator/logo.png
399087,20000691,/home/dima/NetBeans/internal/image-placeholders-generator/logo.png
399088,78128-100,/home/dima/NetBeans/internal/image-placeholders-generator/logo.png
399090,20000695,/home/dima/NetBeans/internal/image-placeholders-generator/logo.png
399092,20000693,/home/dima/NetBeans/internal/image-placeholders-generator/logo.png
399093,20000694,/home/dima/NetBeans/internal/image-placeholders-generator/logo.png
399108,6-612-002-006-0000,/home/dima/NetBeans/internal/image-placeholders-generator/logo.png
399109,20000713,/home/dima/NetBeans/internal/image-placeholders-generator/logo.png
399110,20000715,/home/dima/NetBeans/internal/image-placeholders-generator/logo.png
399111,6-612-005-011-0000,/home/dima/NetBeans/internal/image-placeholders-generator/logo.png
399112,6-612-002-007-0000,/home/dima/NetBeans/internal/image-placeholders-generator/logo.png
399113,20000711,/home/dima/NetBeans/internal/image-placeholders-generator/logo.png
399114,20000712,/home/dima/NetBeans/internal/image-placeholders-generator/logo.png
399115,20000717,/home/dima/NetBeans/internal/image-placeholders-generator/logo.png
399120,6-612-005-014-0000,/home/dima/NetBeans/internal/image-placeholders-generator/logo.png
399145,30006859,/home/dima/NetBeans/internal/image-placeholders-generator/logo.png
399150,30007996,/home/dima/NetBeans/internal/image-placeholders-generator/logo.png
399151,30008008,/home/dima/NetBeans/internal/image-placeholders-generator/logo.png
399153,40073-074,/home/dima/NetBeans/internal/image-placeholders-generator/logo.png
399158,6-607-002-001-0000,/home/dima/NetBeans/internal/image-placeholders-generator/logo.png
399160,6-607-002-003-0000,/home/dima/NetBeans/internal/image-placeholders-generator/logo.png
399162,20000684,/home/dima/NetBeans/internal/image-placeholders-generator/logo.png
399165,30007961,/home/dima/NetBeans/internal/image-placeholders-generator/logo.png
399167,30007965,/home/dima/NetBeans/internal/image-placeholders-generator/logo.png
399173,30007979,/home/dima/NetBeans/internal/image-placeholders-generator/logo.png
399176,30007975,/home/dima/NetBeans/internal/image-placeholders-generator/logo.png
399177,4-609-040-001-1,/home/dima/NetBeans/internal/image-placeholders-generator/logo.png
399191,30009543,/home/dima/NetBeans/internal/image-placeholders-generator/logo.png
399192,30009547,/home/dima/NetBeans/internal/image-placeholders-generator/logo.png
399193,30009548,/home/dima/NetBeans/internal/image-placeholders-generator/logo.png
399194,30009549,/home/dima/NetBeans/internal/image-placeholders-generator/logo.png
399195,30009544,/home/dima/NetBeans/internal/image-placeholders-generator/logo.png
399196,30009545,/home/dima/NetBeans/internal/image-placeholders-generator/logo.png
399202,30009551,/home/dima/NetBeans/internal/image-placeholders-generator/logo.png
399203,30009552,/home/dima/NetBeans/internal/image-placeholders-generator/logo.png
399207,9-994-341-000-1,/home/dima/NetBeans/internal/image-placeholders-generator/logo.png
399209,9-994-261-001-1,/home/dima/NetBeans/internal/image-placeholders-generator/logo.png
399214,9-994-401-000-1,/home/dima/NetBeans/internal/image-placeholders-generator/logo.png
399221,9-992-420-002-2,/home/dima/NetBeans/internal/image-placeholders-generator/logo.png
399229,30009785,/home/dima/NetBeans/internal/image-placeholders-generator/logo.png
399235,30009499,/home/dima/NetBeans/internal/image-placeholders-generator/logo.png
399237,30009495,/home/dima/NetBeans/internal/image-placeholders-generator/logo.png
399238,30009496,/home/dima/NetBeans/internal/image-placeholders-generator/logo.png
399239,30009497,/home/dima/NetBeans/internal/image-placeholders-generator/logo.png
399240,30009501,/home/dima/NetBeans/internal/image-placeholders-generator/logo.png
399241,30009505,/home/dima/NetBeans/internal/image-placeholders-generator/logo.png
399243,30010142,/home/dima/NetBeans/internal/image-placeholders-generator/logo.png
399246,30009504,/home/dima/NetBeans/internal/image-placeholders-generator/logo.png
399255,30009490,/home/dima/NetBeans/internal/image-placeholders-generator/logo.png
399257,30009494,/home/dima/NetBeans/internal/image-placeholders-generator/logo.png
399263,30009532,/home/dima/NetBeans/internal/image-placeholders-generator/logo.png
399264,30009533,/home/dima/NetBeans/internal/image-placeholders-generator/logo.png
399265,30009526,/home/dima/NetBeans/internal/image-placeholders-generator/logo.png
399266,30009527,/home/dima/NetBeans/internal/image-placeholders-generator/logo.png
399267,8-609-005-014-5,/home/dima/NetBeans/internal/image-placeholders-generator/logo.png
399268,30009534,/home/dima/NetBeans/internal/image-placeholders-generator/logo.png
399269,8-612-002-002-4,/home/dima/NetBeans/internal/image-placeholders-generator/logo.png
399270,30009541,/home/dima/NetBeans/internal/image-placeholders-generator/logo.png
399274,30009540,/home/dima/NetBeans/internal/image-placeholders-generator/logo.png
399275,30009507,/home/dima/NetBeans/internal/image-placeholders-generator/logo.png
399279,30009509,/home/dima/NetBeans/internal/image-placeholders-generator/logo.png
399280,30009511,/home/dima/NetBeans/internal/image-placeholders-generator/logo.png
399282,30009518,/home/dima/NetBeans/internal/image-placeholders-generator/logo.png
399283,30009522,/home/dima/NetBeans/internal/image-placeholders-generator/logo.png
399284,30009523,/home/dima/NetBeans/internal/image-placeholders-generator/logo.png
399285,30009524,/home/dima/NetBeans/internal/image-placeholders-generator/logo.png
399286,30009519,/home/dima/NetBeans/internal/image-placeholders-generator/logo.png
399287,30009520,/home/dima/NetBeans/internal/image-placeholders-generator/logo.png
399394,30009010,/home/dima/NetBeans/internal/image-placeholders-generator/logo.png
399664,20042954,/home/dima/NetBeans/internal/image-placeholders-generator/logo.png
399781,20000714,/home/dima/NetBeans/internal/image-placeholders-generator/logo.png
399794,9-997-810-111-0,/home/dima/NetBeans/internal/image-placeholders-generator/logo.png
399805,9-997-111-940-0,/home/dima/NetBeans/internal/image-placeholders-generator/logo.png
399812,9-997-810-103-0,/home/dima/NetBeans/internal/image-placeholders-generator/logo.png
399814,30009805,/home/dima/NetBeans/internal/image-placeholders-generator/logo.png
399829,30010119,/home/dima/NetBeans/internal/image-placeholders-generator/logo.png
399850,9-994-342-800-5,/home/dima/NetBeans/internal/image-placeholders-generator/logo.png
399901,71128-900,/home/dima/NetBeans/internal/image-placeholders-generator/logo.png
399902,30009542,/home/dima/NetBeans/internal/image-placeholders-generator/logo.png
399916,30008025,/home/dima/NetBeans/internal/image-placeholders-generator/logo.png
399919,30010144,/home/dima/NetBeans/internal/image-placeholders-generator/logo.png
399928,40891-720,/home/dima/NetBeans/internal/image-placeholders-generator/logo.png
400008,40878-005,/home/dima/NetBeans/internal/image-placeholders-generator/logo.png
400067,20000701,/home/dima/NetBeans/internal/image-placeholders-generator/logo.png
400106,78101-500,/home/dima/NetBeans/internal/image-placeholders-generator/logo.png
400119,6-609-005-011-0000,/home/dima/NetBeans/internal/image-placeholders-generator/logo.png
400180,8-607-002-002-4,/home/dima/NetBeans/internal/image-placeholders-generator/logo.png
400181,8-607-002-003-4,/home/dima/NetBeans/internal/image-placeholders-generator/logo.png
400213,20001353,/home/dima/NetBeans/internal/image-placeholders-generator/logo.png
400221,30009521,/home/dima/NetBeans/internal/image-placeholders-generator/logo.png
400307,8-609-002-003-4,/home/dima/NetBeans/internal/image-placeholders-generator/logo.png
400343,30008011,/home/dima/NetBeans/internal/image-placeholders-generator/logo.png
400345,78101-510,/home/dima/NetBeans/internal/image-placeholders-generator/logo.png
400349,30007962,/home/dima/NetBeans/internal/image-placeholders-generator/logo.png
400350,78120-220,/home/dima/NetBeans/internal/image-placeholders-generator/logo.png
400359,30007023,/home/dima/NetBeans/internal/image-placeholders-generator/logo.png
400388,6-609-005-007-0000,/home/dima/NetBeans/internal/image-placeholders-generator/logo.png
400411,9-997-111-961-0,/home/dima/NetBeans/internal/image-placeholders-generator/logo.png
400543,30009503,/home/dima/NetBeans/internal/image-placeholders-generator/logo.png
400598,6-619-003-002-1000,/home/dima/NetBeans/internal/image-placeholders-generator/logo.png
400639,20000718,/home/dima/NetBeans/internal/image-placeholders-generator/logo.png
400666,30005790,/home/dima/NetBeans/internal/image-placeholders-generator/logo.png
400711,6-612-005-017-0000,/home/dima/NetBeans/internal/image-placeholders-generator/logo.png
400716,9-997-111-947-0,/home/dima/NetBeans/internal/image-placeholders-generator/logo.png
400725,71120-670,/home/dima/NetBeans/internal/image-placeholders-generator/logo.png
400835,30009811,/home/dima/NetBeans/internal/image-placeholders-generator/logo.png
400883,6-607-002-002-0000,/home/dima/NetBeans/internal/image-placeholders-generator/logo.png
400901,30009506,/home/dima/NetBeans/internal/image-placeholders-generator/logo.png
401028,6-612-005-013-0000,/home/dima/NetBeans/internal/image-placeholders-generator/logo.png
401035,30009550,/home/dima/NetBeans/internal/image-placeholders-generator/logo.png
401081,30007932,/home/dima/NetBeans/internal/image-placeholders-generator/logo.png
401249,30007967,/home/dima/NetBeans/internal/image-placeholders-generator/logo.png
401289,30007985,/home/dima/NetBeans/internal/image-placeholders-generator/logo.png
401294,8-607-002-001-4,/home/dima/NetBeans/internal/image-placeholders-generator/logo.png
401298,30009517,/home/dima/NetBeans/internal/image-placeholders-generator/logo.png
401367,8-609-002-004-4,/home/dima/NetBeans/internal/image-placeholders-generator/logo.png
401463,30003862,/home/dima/NetBeans/internal/image-placeholders-generator/logo.png
401473,30010479,/home/dima/NetBeans/internal/image-placeholders-generator/logo.png
401551,6-612-002-005-0000,/home/dima/NetBeans/internal/image-placeholders-generator/logo.png
401556,30007991,/home/dima/NetBeans/internal/image-placeholders-generator/logo.png
401582,4-615-039-003-5,/home/dima/NetBeans/internal/image-placeholders-generator/logo.png
401598,71128-910,/home/dima/NetBeans/internal/image-placeholders-generator/logo.png
401613,71128-630,/home/dima/NetBeans/internal/image-placeholders-generator/logo.png
401624,30009786,/home/dima/NetBeans/internal/image-placeholders-generator/logo.png
401654,30005891,/home/dima/NetBeans/internal/image-placeholders-generator/logo.png
401707,6-612-005-020-0000,/home/dima/NetBeans/internal/image-placeholders-generator/logo.png
401733,6-612-005-021-0000,/home/dima/NetBeans/internal/image-placeholders-generator/logo.png
401796,30009510,/home/dima/NetBeans/internal/image-placeholders-generator/logo.png
401846,8-309-908-010-1,/home/dima/NetBeans/internal/image-placeholders-generator/logo.png
401923,4-609-041-006-4,/home/dima/NetBeans/internal/image-placeholders-generator/logo.png
402146,9-997-810-106-0,/home/dima/NetBeans/internal/image-placeholders-generator/logo.png
402232,20000709,/home/dima/NetBeans/internal/image-placeholders-generator/logo.png
402437,20062475,/home/dima/NetBeans/internal/image-placeholders-generator/logo.png
402507,6-607-002-005-0000,/home/dima/NetBeans/internal/image-placeholders-generator/logo.png
402776,9-994-089-143-8,/home/dima/NetBeans/internal/image-placeholders-generator/logo.png
402841,20000716,/home/dima/NetBeans/internal/image-placeholders-generator/logo.png
402858,9-997-111-941-0,/home/dima/NetBeans/internal/image-placeholders-generator/logo.png
402861,30008007,/home/dima/NetBeans/internal/image-placeholders-generator/logo.png
403073,30007997,/home/dima/NetBeans/internal/image-placeholders-generator/logo.png
403126,30009528,/home/dima/NetBeans/internal/image-placeholders-generator/logo.png
403155,30009502,/home/dima/NetBeans/internal/image-placeholders-generator/logo.png
403293,9-994-341-001-1,/home/dima/NetBeans/internal/image-placeholders-generator/logo.png
403439,30009498,/home/dima/NetBeans/internal/image-placeholders-generator/logo.png
403496,8-609-002-000-4,/home/dima/NetBeans/internal/image-placeholders-generator/logo.png
403517,71128-610,/home/dima/NetBeans/internal/image-placeholders-generator/logo.png
403735,9-994-501-000-1,/home/dima/NetBeans/internal/image-placeholders-generator/logo.png
403931,30010467,/home/dima/NetBeans/internal/image-placeholders-generator/logo.png
403947,6-612-005-016-0000,/home/dima/NetBeans/internal/image-placeholders-generator/logo.png
403950,20000706,/home/dima/NetBeans/internal/image-placeholders-generator/logo.png
404175,78120-210,/home/dima/NetBeans/internal/image-placeholders-generator/logo.png
404395,20000688,/home/dima/NetBeans/internal/image-placeholders-generator/logo.png
404610,6-619-003-002-0000,/home/dima/NetBeans/internal/image-placeholders-generator/logo.png
404687,30007954,/home/dima/NetBeans/internal/image-placeholders-generator/logo.png
404691,6-615-003-004-1000,/home/dima/NetBeans/internal/image-placeholders-generator/logo.png
404698,30008021,/home/dima/NetBeans/internal/image-placeholders-generator/logo.png
404702,20000698,/home/dima/NetBeans/internal/image-placeholders-generator/logo.png
404706,20000692,/home/dima/NetBeans/internal/image-placeholders-generator/logo.png
404713,20000705,/home/dima/NetBeans/internal/image-placeholders-generator/logo.png
404715,30007982,/home/dima/NetBeans/internal/image-placeholders-generator/logo.png
404719,20000683,/home/dima/NetBeans/internal/image-placeholders-generator/logo.png
404726,6-617-003-002-0000,/home/dima/NetBeans/internal/image-placeholders-generator/logo.png
404757,6-615-003-002-0000,/home/dima/NetBeans/internal/image-placeholders-generator/logo.png
404818,6-624-003-002-1000,/home/dima/NetBeans/internal/image-placeholders-generator/logo.png
404820,6-617-003-002-1000,/home/dima/NetBeans/internal/image-placeholders-generator/logo.png
404827,6-624-003-002-0000,/home/dima/NetBeans/internal/image-placeholders-generator/logo.png
404828,6-621-003-002-0000,/home/dima/NetBeans/internal/image-placeholders-generator/logo.png
404891,6-621-003-002-1000,/home/dima/NetBeans/internal/image-placeholders-generator/logo.png
404913,30004503,/home/dima/NetBeans/internal/image-placeholders-generator/logo.png
404914,40891-409,/home/dima/NetBeans/internal/image-placeholders-generator/logo.png
404915,30009772,/home/dima/NetBeans/internal/image-placeholders-generator/logo.png
404916,30009773,/home/dima/NetBeans/internal/image-placeholders-generator/logo.png
405003,30009783,/home/dima/NetBeans/internal/image-placeholders-generator/logo.png
405167,30005253,/home/dima/NetBeans/internal/image-placeholders-generator/logo.png
405546,8-790-035-002-0,/home/dima/NetBeans/internal/image-placeholders-generator/logo.png
405548,30009587,/home/dima/NetBeans/internal/image-placeholders-generator/logo.png
405556,30007939,/home/dima/NetBeans/internal/image-placeholders-generator/logo.png
405564,30004112,/home/dima/NetBeans/internal/image-placeholders-generator/logo.png
405575,30007972,/home/dima/NetBeans/internal/image-placeholders-generator/logo.png
405576,30008000,/home/dima/NetBeans/internal/image-placeholders-generator/logo.png
405585,30007998,/home/dima/NetBeans/internal/image-placeholders-generator/logo.png
405593,30007971,/home/dima/NetBeans/internal/image-placeholders-generator/logo.png
405597,30007999,/home/dima/NetBeans/internal/image-placeholders-generator/logo.png
405631,30004113,/home/dima/NetBeans/internal/image-placeholders-generator/logo.png
405640,30004188,/home/dima/NetBeans/internal/image-placeholders-generator/logo.png
405641,30004190,/home/dima/NetBeans/internal/image-placeholders-generator/logo.png
405657,30007973,/home/dima/NetBeans/internal/image-placeholders-generator/logo.png
405686,30004207,/home/dima/NetBeans/internal/image-placeholders-generator/logo.png
405719,9-994-007-801-0,/home/dima/NetBeans/internal/image-placeholders-generator/logo.png
405737,30007936,/home/dima/NetBeans/internal/image-placeholders-generator/logo.png
405810,30009770,/home/dima/NetBeans/internal/image-placeholders-generator/logo.png
405819,30004733,/home/dima/NetBeans/internal/image-placeholders-generator/logo.png
405903,30003495,/home/dima/NetBeans/internal/image-placeholders-generator/logo.png
405916,2-748-095-001-3,/home/dima/NetBeans/internal/image-placeholders-generator/logo.png
405950,20001224,/home/dima/NetBeans/internal/image-placeholders-generator/logo.png
405962,9-994-004-100-4,/home/dima/NetBeans/internal/image-placeholders-generator/logo.png
405985,30009771,/home/dima/NetBeans/internal/image-placeholders-generator/logo.png
405992,30007941,/home/dima/NetBeans/internal/image-placeholders-generator/logo.png
405994,30004403,/home/dima/NetBeans/internal/image-placeholders-generator/logo.png
406000,40089-900,/home/dima/NetBeans/internal/image-placeholders-generator/logo.png
406009,30008075,/home/dima/NetBeans/internal/image-placeholders-generator/logo.png
406013,30008077,/home/dima/NetBeans/internal/image-placeholders-generator/logo.png
406016,30008009,/home/dima/NetBeans/internal/image-placeholders-generator/logo.png
406017,30008017,/home/dima/NetBeans/internal/image-placeholders-generator/logo.png
406018,2-748-092-001-3,/home/dima/NetBeans/internal/image-placeholders-generator/logo.png
406020,30007947,/home/dima/NetBeans/internal/image-placeholders-generator/logo.png
406021,30007950,/home/dima/NetBeans/internal/image-placeholders-generator/logo.png
406026,30007974,/home/dima/NetBeans/internal/image-placeholders-generator/logo.png
406029,30007945,/home/dima/NetBeans/internal/image-placeholders-generator/logo.png
406030,21161-272,/home/dima/NetBeans/internal/image-placeholders-generator/logo.png
406046,30009537,/home/dima/NetBeans/internal/image-placeholders-generator/logo.png
406055,30009775,/home/dima/NetBeans/internal/image-placeholders-generator/logo.png
406089,30009492,/home/dima/NetBeans/internal/image-placeholders-generator/logo.png
406106,8-609-001-006-1,/home/dima/NetBeans/internal/image-placeholders-generator/logo.png
406131,30003906,/home/dima/NetBeans/internal/image-placeholders-generator/logo.png
406167,30003860,/home/dima/NetBeans/internal/image-placeholders-generator/logo.png
406185,9-992-459-011-4,/home/dima/NetBeans/internal/image-placeholders-generator/logo.png
406199,30004055,/home/dima/NetBeans/internal/image-placeholders-generator/logo.png
406200,30003912,/home/dima/NetBeans/internal/image-placeholders-generator/logo.png
406202,9-994-008-902-0,/home/dima/NetBeans/internal/image-placeholders-generator/logo.png
406204,30003913,/home/dima/NetBeans/internal/image-placeholders-generator/logo.png
406206,30003894,/home/dima/NetBeans/internal/image-placeholders-generator/logo.png
406208,30003336,/home/dima/NetBeans/internal/image-placeholders-generator/logo.png
406226,30003342,/home/dima/NetBeans/internal/image-placeholders-generator/logo.png
406228,30003816,/home/dima/NetBeans/internal/image-placeholders-generator/logo.png
406244,30004579,/home/dima/NetBeans/internal/image-placeholders-generator/logo.png
406248,30004581,/home/dima/NetBeans/internal/image-placeholders-generator/logo.png
406249,30004571,/home/dima/NetBeans/internal/image-placeholders-generator/logo.png
406250,30004815,/home/dima/NetBeans/internal/image-placeholders-generator/logo.png
406251,30007937,/home/dima/NetBeans/internal/image-placeholders-generator/logo.png
406255,30004817,/home/dima/NetBeans/internal/image-placeholders-generator/logo.png
406259,30004572,/home/dima/NetBeans/internal/image-placeholders-generator/logo.png
406262,2-730-085-001-1,/home/dima/NetBeans/internal/image-placeholders-generator/logo.png
406263,2-737-198-001-9,/home/dima/NetBeans/internal/image-placeholders-generator/logo.png
406266,2-737-028-000-3,/home/dima/NetBeans/internal/image-placeholders-generator/logo.png
406269,2-737-380-001-4,/home/dima/NetBeans/internal/image-placeholders-generator/logo.png
406272,30004604,/home/dima/NetBeans/internal/image-placeholders-generator/logo.png
406274,2-730-100-001-1,/home/dima/NetBeans/internal/image-placeholders-generator/logo.png
406275,2-737-248-001-9,/home/dima/NetBeans/internal/image-placeholders-generator/logo.png
406276,8-607-001-008-1,/home/dima/NetBeans/internal/image-placeholders-generator/logo.png
406277,2-730-170-001-1,/home/dima/NetBeans/internal/image-placeholders-generator/logo.png
406280,30004816,/home/dima/NetBeans/internal/image-placeholders-generator/logo.png
406281,30004644,/home/dima/NetBeans/internal/image-placeholders-generator/logo.png
406285,30004645,/home/dima/NetBeans/internal/image-placeholders-generator/logo.png
406287,2-739-405-001-4,/home/dima/NetBeans/internal/image-placeholders-generator/logo.png
406289,2-737-557-001-4,/home/dima/NetBeans/internal/image-placeholders-generator/logo.png
406290,30004584,/home/dima/NetBeans/internal/image-placeholders-generator/logo.png
406292,24160-005,/home/dima/NetBeans/internal/image-placeholders-generator/logo.png
406298,30004636,/home/dima/NetBeans/internal/image-placeholders-generator/logo.png
406307,30004590,/home/dima/NetBeans/internal/image-placeholders-generator/logo.png
406314,30004619,/home/dima/NetBeans/internal/image-placeholders-generator/logo.png
406315,30004574,/home/dima/NetBeans/internal/image-placeholders-generator/logo.png
406335,30004814,/home/dima/NetBeans/internal/image-placeholders-generator/logo.png
406339,30009539,/home/dima/NetBeans/internal/image-placeholders-generator/logo.png
406344,30007970,/home/dima/NetBeans/internal/image-placeholders-generator/logo.png
406348,30009546,/home/dima/NetBeans/internal/image-placeholders-generator/logo.png
406349,30007993,/home/dima/NetBeans/internal/image-placeholders-generator/logo.png
406365,30009556,/home/dima/NetBeans/internal/image-placeholders-generator/logo.png
842203,30003861,/home/dima/NetBeans/internal/image-placeholders-generator/logo.png
842204,30004842,/home/dima/NetBeans/internal/image-placeholders-generator/logo.png
842205,30005230,/home/dima/NetBeans/internal/image-placeholders-generator/logo.png
842206,30007987,/home/dima/NetBeans/internal/image-placeholders-generator/logo.png
842207,30008028,/home/dima/NetBeans/internal/image-placeholders-generator/logo.png
842208,30008029,/home/dima/NetBeans/internal/image-placeholders-generator/logo.png
842209,30008030,/home/dima/NetBeans/internal/image-placeholders-generator/logo.png
842210,30008032,/home/dima/NetBeans/internal/image-placeholders-generator/logo.png
842211,30008034,/home/dima/NetBeans/internal/image-placeholders-generator/logo.png
842212,30008035,/home/dima/NetBeans/internal/image-placeholders-generator/logo.png
842213,30008038,/home/dima/NetBeans/internal/image-placeholders-generator/logo.png
842214,30008040,/home/dima/NetBeans/internal/image-placeholders-generator/logo.png
842215,30008060,/home/dima/NetBeans/internal/image-placeholders-generator/logo.png
842216,30008061,/home/dima/NetBeans/internal/image-placeholders-generator/logo.png
842217,30009529,/home/dima/NetBeans/internal/image-placeholders-generator/logo.png
842218,30009558,/home/dima/NetBeans/internal/image-placeholders-generator/logo.png
842219,30009559,/home/dima/NetBeans/internal/image-placeholders-generator/logo.png
842220,30009560,/home/dima/NetBeans/internal/image-placeholders-generator/logo.png
842221,30009562,/home/dima/NetBeans/internal/image-placeholders-generator/logo.png
842222,30009563,/home/dima/NetBeans/internal/image-placeholders-generator/logo.png
842223,30009570,/home/dima/NetBeans/internal/image-placeholders-generator/logo.png
842224,30009571,/home/dima/NetBeans/internal/image-placeholders-generator/logo.png
842225,30009572,/home/dima/NetBeans/internal/image-placeholders-generator/logo.png
842226,30009561,/home/dima/NetBeans/internal/image-placeholders-generator/logo.png
842227,30005233,/home/dima/NetBeans/internal/image-placeholders-generator/logo.png
842228,30008031,/home/dima/NetBeans/internal/image-placeholders-generator/logo.png
842230,40053-960,/home/dima/NetBeans/internal/image-placeholders-generator/logo.png
842231,42591-530,/home/dima/NetBeans/internal/image-placeholders-generator/logo.png
842232,40811-501,/home/dima/NetBeans/internal/image-placeholders-generator/logo.png
842233,30007025,/home/dima/NetBeans/internal/image-placeholders-generator/logo.png
842234,30006861,/home/dima/NetBeans/internal/image-placeholders-generator/logo.png
842235,30006863,/home/dima/NetBeans/internal/image-placeholders-generator/logo.png
842236,30006970,/home/dima/NetBeans/internal/image-placeholders-generator/logo.png
842237,30006860,/home/dima/NetBeans/internal/image-placeholders-generator/logo.png
842238,30007146,/home/dima/NetBeans/internal/image-placeholders-generator/logo.png
842239,30005263,/home/dima/NetBeans/internal/image-placeholders-generator/logo.png
842240,30005264,/home/dima/NetBeans/internal/image-placeholders-generator/logo.png
842241,30005265,/home/dima/NetBeans/internal/image-placeholders-generator/logo.png
842242,30005255,/home/dima/NetBeans/internal/image-placeholders-generator/logo.png
842243,30005256,/home/dima/NetBeans/internal/image-placeholders-generator/logo.png
842244,30005257,/home/dima/NetBeans/internal/image-placeholders-generator/logo.png
842245,30005258,/home/dima/NetBeans/internal/image-placeholders-generator/logo.png
842246,30005259,/home/dima/NetBeans/internal/image-placeholders-generator/logo.png
842247,30005260,/home/dima/NetBeans/internal/image-placeholders-generator/logo.png
842248,30005791,/home/dima/NetBeans/internal/image-placeholders-generator/logo.png
842249,30005789,/home/dima/NetBeans/internal/image-placeholders-generator/logo.png
842250,42591-630,/home/dima/NetBeans/internal/image-placeholders-generator/logo.png
842251,30006597,/home/dima/NetBeans/internal/image-placeholders-generator/logo.png
842252,30006598,/home/dima/NetBeans/internal/image-placeholders-generator/logo.png
842253,30006599,/home/dima/NetBeans/internal/image-placeholders-generator/logo.png
842254,30006594,/home/dima/NetBeans/internal/image-placeholders-generator/logo.png
842255,30006595,/home/dima/NetBeans/internal/image-placeholders-generator/logo.png
842256,30006865,/home/dima/NetBeans/internal/image-placeholders-generator/logo.png
842257,30006866,/home/dima/NetBeans/internal/image-placeholders-generator/logo.png
842258,30006867,/home/dima/NetBeans/internal/image-placeholders-generator/logo.png
842259,30006862,/home/dima/NetBeans/internal/image-placeholders-generator/logo.png
842260,30006864,/home/dima/NetBeans/internal/image-placeholders-generator/logo.png
842261,30007027,/home/dima/NetBeans/internal/image-placeholders-generator/logo.png
842262,30007028,/home/dima/NetBeans/internal/image-placeholders-generator/logo.png
842263,30007029,/home/dima/NetBeans/internal/image-placeholders-generator/logo.png
842264,30007024,/home/dima/NetBeans/internal/image-placeholders-generator/logo.png
842265,30007026,/home/dima/NetBeans/internal/image-placeholders-generator/logo.png
842266,30007313,/home/dima/NetBeans/internal/image-placeholders-generator/logo.png
842267,30007314,/home/dima/NetBeans/internal/image-placeholders-generator/logo.png
842268,30007315,/home/dima/NetBeans/internal/image-placeholders-generator/logo.png
842269,30007310,/home/dima/NetBeans/internal/image-placeholders-generator/logo.png
842270,30007311,/home/dima/NetBeans/internal/image-placeholders-generator/logo.png
842271,30007312,/home/dima/NetBeans/internal/image-placeholders-generator/logo.png
842272,30007308,/home/dima/NetBeans/internal/image-placeholders-generator/logo.png
842273,30009866,/home/dima/NetBeans/internal/image-placeholders-generator/logo.png
842274,30007309,/home/dima/NetBeans/internal/image-placeholders-generator/logo.png
842275,30007316,/home/dima/NetBeans/internal/image-placeholders-generator/logo.png
842276,30007317,/home/dima/NetBeans/internal/image-placeholders-generator/logo.png
842277,30006502,/home/dima/NetBeans/internal/image-placeholders-generator/logo.png
842278,30009846,/home/dima/NetBeans/internal/image-placeholders-generator/logo.png
842279,30005611,/home/dima/NetBeans/internal/image-placeholders-generator/logo.png
842280,40089-760,/home/dima/NetBeans/internal/image-placeholders-generator/logo.png
842281,41113-300,/home/dima/NetBeans/internal/image-placeholders-generator/logo.png
842282,45951-810,/home/dima/NetBeans/internal/image-placeholders-generator/logo.png
842283,45951-820,/home/dima/NetBeans/internal/image-placeholders-generator/logo.png
842284,45951-830,/home/dima/NetBeans/internal/image-placeholders-generator/logo.png
842286,30005254,/home/dima/NetBeans/internal/image-placeholders-generator/logo.png
842287,40089-620,/home/dima/NetBeans/internal/image-placeholders-generator/logo.png
842288,30006600,/home/dima/NetBeans/internal/image-placeholders-generator/logo.png
842289,30005244,/home/dima/NetBeans/internal/image-placeholders-generator/logo.png
842290,30009941,/home/dima/NetBeans/internal/image-placeholders-generator/logo.png
2266858,78120-250,/home/dima/NetBeans/internal/image-placeholders-generator/logo.png
2924380,30009780,/home/dima/NetBeans/internal/image-placeholders-generator/logo.png
2924381,30009765,/home/dima/NetBeans/internal/image-placeholders-generator/logo.png
2924382,30339070,/home/dima/NetBeans/internal/image-placeholders-generator/logo.png
2924383,30038482,/home/dima/NetBeans/internal/image-placeholders-generator/logo.png
2924384,30045686,/home/dima/NetBeans/internal/image-placeholders-generator/logo.png
2924385,30106957,/home/dima/NetBeans/internal/image-placeholders-generator/logo.png
2924386,30106716,/home/dima/NetBeans/internal/image-placeholders-generator/logo.png
2924387,30106872,/home/dima/NetBeans/internal/image-placeholders-generator/logo.png
2924388,30107919,/home/dima/NetBeans/internal/image-placeholders-generator/logo.png
2924389,30106750,/home/dima/NetBeans/internal/image-placeholders-generator/logo.png
2924390,30106751,/home/dima/NetBeans/internal/image-placeholders-generator/logo.png
2924391,30103865,/home/dima/NetBeans/internal/image-placeholders-generator/logo.png
2924392,30106614,/home/dima/NetBeans/internal/image-placeholders-generator/logo.png
2924393,30107306,/home/dima/NetBeans/internal/image-placeholders-generator/logo.png
2924394,30111644,/home/dima/NetBeans/internal/image-placeholders-generator/logo.png
2924395,30106604,/home/dima/NetBeans/internal/image-placeholders-generator/logo.png
2924396,30106606,/home/dima/NetBeans/internal/image-placeholders-generator/logo.png
2924397,30106686,/home/dima/NetBeans/internal/image-placeholders-generator/logo.png
2924398,30106704,/home/dima/NetBeans/internal/image-placeholders-generator/logo.png
2924399,30106706,/home/dima/NetBeans/internal/image-placeholders-generator/logo.png
2924400,30106837,/home/dima/NetBeans/internal/image-placeholders-generator/logo.png
2924401,30106615,/home/dima/NetBeans/internal/image-placeholders-generator/logo.png
2924402,30104199,/home/dima/NetBeans/internal/image-placeholders-generator/logo.png
2924403,30112305,/home/dima/NetBeans/internal/image-placeholders-generator/logo.png
2924404,30106229,/home/dima/NetBeans/internal/image-placeholders-generator/logo.png
2924405,30106230,/home/dima/NetBeans/internal/image-placeholders-generator/logo.png
2924406,30106863,/home/dima/NetBeans/internal/image-placeholders-generator/logo.png
2924407,30106650,/home/dima/NetBeans/internal/image-placeholders-generator/logo.png
2924408,30105698,/home/dima/NetBeans/internal/image-placeholders-generator/logo.png
2924409,30106974,/home/dima/NetBeans/internal/image-placeholders-generator/logo.png
2924410,30106975,/home/dima/NetBeans/internal/image-placeholders-generator/logo.png
2924411,30106622,/home/dima/NetBeans/internal/image-placeholders-generator/logo.png
2924412,30106610,/home/dima/NetBeans/internal/image-placeholders-generator/logo.png
2924413,20042954,/home/dima/NetBeans/internal/image-placeholders-generator/logo.png
2924414,30106651,/home/dima/NetBeans/internal/image-placeholders-generator/logo.png
2924415,30106310,/home/dima/NetBeans/internal/image-placeholders-generator/logo.png
2924416,30106862,/home/dima/NetBeans/internal/image-placeholders-generator/logo.png
2924417,30104179,/home/dima/NetBeans/internal/image-placeholders-generator/logo.png
2924418,30109293,/home/dima/NetBeans/internal/image-placeholders-generator/logo.png
2924419,30107910,/home/dima/NetBeans/internal/image-placeholders-generator/logo.png
2924420,30107907,/home/dima/NetBeans/internal/image-placeholders-generator/logo.png
2924421,30106253,/home/dima/NetBeans/internal/image-placeholders-generator/logo.png
2924422,30106731,/home/dima/NetBeans/internal/image-placeholders-generator/logo.png
2924423,30106765,/home/dima/NetBeans/internal/image-placeholders-generator/logo.png
2924424,30106821,/home/dima/NetBeans/internal/image-placeholders-generator/logo.png
2924425,30106768,/home/dima/NetBeans/internal/image-placeholders-generator/logo.png
2924426,30105608,/home/dima/NetBeans/internal/image-placeholders-generator/logo.png
2924427,30106717,/home/dima/NetBeans/internal/image-placeholders-generator/logo.png
2924428,30104397,/home/dima/NetBeans/internal/image-placeholders-generator/logo.png
2924429,30104168,/home/dima/NetBeans/internal/image-placeholders-generator/logo.png
2924430,30104800,/home/dima/NetBeans/internal/image-placeholders-generator/logo.png
2924431,30105262,/home/dima/NetBeans/internal/image-placeholders-generator/logo.png
2924432,30106728,/home/dima/NetBeans/internal/image-placeholders-generator/logo.png
2924433,30106647,/home/dima/NetBeans/internal/image-placeholders-generator/logo.png
2924434,30106621,/home/dima/NetBeans/internal/image-placeholders-generator/logo.png
2924435,30103867,/home/dima/NetBeans/internal/image-placeholders-generator/logo.png
2924436,30106617,/home/dima/NetBeans/internal/image-placeholders-generator/logo.png
2924437,30106619,/home/dima/NetBeans/internal/image-placeholders-generator/logo.png
2924438,30104164,/home/dima/NetBeans/internal/image-placeholders-generator/logo.png
2924439,30155701,/home/dima/NetBeans/internal/image-placeholders-generator/logo.png
2924440,30155722,/home/dima/NetBeans/internal/image-placeholders-generator/logo.png
2924441,30109747,/home/dima/NetBeans/internal/image-placeholders-generator/logo.png
2924442,30104929,/home/dima/NetBeans/internal/image-placeholders-generator/logo.png
2924443,30105147,/home/dima/NetBeans/internal/image-placeholders-generator/logo.png
2924444,30106741,/home/dima/NetBeans/internal/image-placeholders-generator/logo.png
2924445,30106859,/home/dima/NetBeans/internal/image-placeholders-generator/logo.png
2924446,30104183,/home/dima/NetBeans/internal/image-placeholders-generator/logo.png
2924447,30105344,/home/dima/NetBeans/internal/image-placeholders-generator/logo.png
2924448,30107069,/home/dima/NetBeans/internal/image-placeholders-generator/logo.png
2924449,30108188,/home/dima/NetBeans/internal/image-placeholders-generator/logo.png
2924450,30106723,/home/dima/NetBeans/internal/image-placeholders-generator/logo.png
2924451,30106784,/home/dima/NetBeans/internal/image-placeholders-generator/logo.png
2924452,30106774,/home/dima/NetBeans/internal/image-placeholders-generator/logo.png
2924453,30106786,/home/dima/NetBeans/internal/image-placeholders-generator/logo.png
2924454,30105620,/home/dima/NetBeans/internal/image-placeholders-generator/logo.png
2924455,30104190,/home/dima/NetBeans/internal/image-placeholders-generator/logo.png
2924456,30109384,/home/dima/NetBeans/internal/image-placeholders-generator/logo.png
2924457,30105671,/home/dima/NetBeans/internal/image-placeholders-generator/logo.png
2924458,30105372,/home/dima/NetBeans/internal/image-placeholders-generator/logo.png
2924459,30108633,/home/dima/NetBeans/internal/image-placeholders-generator/logo.png
2924460,30106224,/home/dima/NetBeans/internal/image-placeholders-generator/logo.png
2924461,30107229,/home/dima/NetBeans/internal/image-placeholders-generator/logo.png
2924462,30106272,/home/dima/NetBeans/internal/image-placeholders-generator/logo.png
2924463,30106861,/home/dima/NetBeans/internal/image-placeholders-generator/logo.png
2924464,30105687,/home/dima/NetBeans/internal/image-placeholders-generator/logo.png
2924465,30162622,/home/dima/NetBeans/internal/image-placeholders-generator/logo.png
2924466,30108268,/home/dima/NetBeans/internal/image-placeholders-generator/logo.png
2924467,30107972,/home/dima/NetBeans/internal/image-placeholders-generator/logo.png
2924468,30106220,/home/dima/NetBeans/internal/image-placeholders-generator/logo.png
2924469,30105337,/home/dima/NetBeans/internal/image-placeholders-generator/logo.png
2924470,30105686,/home/dima/NetBeans/internal/image-placeholders-generator/logo.png
2924471,30106639,/home/dima/NetBeans/internal/image-placeholders-generator/logo.png
2924472,30105708,/home/dima/NetBeans/internal/image-placeholders-generator/logo.png
2924473,30106582,/home/dima/NetBeans/internal/image-placeholders-generator/logo.png
2924474,30106609,/home/dima/NetBeans/internal/image-placeholders-generator/logo.png
2924475,30106644,/home/dima/NetBeans/internal/image-placeholders-generator/logo.png
2924476,30106211,/home/dima/NetBeans/internal/image-placeholders-generator/logo.png
2924477,30106204,/home/dima/NetBeans/internal/image-placeholders-generator/logo.png
2924478,30106273,/home/dima/NetBeans/internal/image-placeholders-generator/logo.png
2924479,30106276,/home/dima/NetBeans/internal/image-placeholders-generator/logo.png
2924480,30106330,/home/dima/NetBeans/internal/image-placeholders-generator/logo.png
2924481,30106352,/home/dima/NetBeans/internal/image-placeholders-generator/logo.png
2924482,30106346,/home/dima/NetBeans/internal/image-placeholders-generator/logo.png
2924483,30106733,/home/dima/NetBeans/internal/image-placeholders-generator/logo.png
2924484,30106745,/home/dima/NetBeans/internal/image-placeholders-generator/logo.png
2924485,30106775,/home/dima/NetBeans/internal/image-placeholders-generator/logo.png
2924486,30106835,/home/dima/NetBeans/internal/image-placeholders-generator/logo.png
2924487,30106200,/home/dima/NetBeans/internal/image-placeholders-generator/logo.png
2924488,30105692,/home/dima/NetBeans/internal/image-placeholders-generator/logo.png
2924489,30105336,/home/dima/NetBeans/internal/image-placeholders-generator/logo.png
2924490,30106659,/home/dima/NetBeans/internal/image-placeholders-generator/logo.png
2924491,30106344,/home/dima/NetBeans/internal/image-placeholders-generator/logo.png
2924492,30105368,/home/dima/NetBeans/internal/image-placeholders-generator/logo.png
2924493,30212920,/home/dima/NetBeans/internal/image-placeholders-generator/logo.png
2924494,30212922,/home/dima/NetBeans/internal/image-placeholders-generator/logo.png
2924495,30212923,/home/dima/NetBeans/internal/image-placeholders-generator/logo.png
2924496,30212947,/home/dima/NetBeans/internal/image-placeholders-generator/logo.png
2924497,30107781,/home/dima/NetBeans/internal/image-placeholders-generator/logo.png
2924498,30108204,/home/dima/NetBeans/internal/image-placeholders-generator/logo.png
2924499,30107240,/home/dima/NetBeans/internal/image-placeholders-generator/logo.png
2924500,30107623,/home/dima/NetBeans/internal/image-placeholders-generator/logo.png
2924501,30325960,/home/dima/NetBeans/internal/image-placeholders-generator/logo.png
2924502,30108283,/home/dima/NetBeans/internal/image-placeholders-generator/logo.png
2924503,30326196,/home/dima/NetBeans/internal/image-placeholders-generator/logo.png
2924504,30339336,/home/dima/NetBeans/internal/image-placeholders-generator/logo.png
2924505,30106353,/home/dima/NetBeans/internal/image-placeholders-generator/logo.png
2924506,30105379,/home/dima/NetBeans/internal/image-placeholders-generator/logo.png
2924507,30341115,/home/dima/NetBeans/internal/image-placeholders-generator/logo.png
2924508,30106985,/home/dima/NetBeans/internal/image-placeholders-generator/logo.png
2924509,30108505,/home/dima/NetBeans/internal/image-placeholders-generator/logo.png
2924510,30106718,/home/dima/NetBeans/internal/image-placeholders-generator/logo.png
2924511,30108507,/home/dima/NetBeans/internal/image-placeholders-generator/logo.png
2924512,30108508,/home/dima/NetBeans/internal/image-placeholders-generator/logo.png
2924513,30108501,/home/dima/NetBeans/internal/image-placeholders-generator/logo.png
2924514,30108512,/home/dima/NetBeans/internal/image-placeholders-generator/logo.png
2924515,30342212,/home/dima/NetBeans/internal/image-placeholders-generator/logo.png
2924516,30108168,/home/dima/NetBeans/internal/image-placeholders-generator/logo.png
2924517,30106249,/home/dima/NetBeans/internal/image-placeholders-generator/logo.png
2924518,30106215,/home/dima/NetBeans/internal/image-placeholders-generator/logo.png
2924519,30108503,/home/dima/NetBeans/internal/image-placeholders-generator/logo.png
2924520,30108224,/home/dima/NetBeans/internal/image-placeholders-generator/logo.png
2924521,30105528,/home/dima/NetBeans/internal/image-placeholders-generator/logo.png
2924522,30106738,/home/dima/NetBeans/internal/image-placeholders-generator/logo.png
2924523,30106844,/home/dima/NetBeans/internal/image-placeholders-generator/logo.png
2924524,30106289,/home/dima/NetBeans/internal/image-placeholders-generator/logo.png
2924525,30106916,/home/dima/NetBeans/internal/image-placeholders-generator/logo.png
2924526,30105424,/home/dima/NetBeans/internal/image-placeholders-generator/logo.png
2924527,30108513,/home/dima/NetBeans/internal/image-placeholders-generator/logo.png
2924528,30345740,/home/dima/NetBeans/internal/image-placeholders-generator/logo.png
2924529,30345751,/home/dima/NetBeans/internal/image-placeholders-generator/logo.png
2924530,30107236,/home/dima/NetBeans/internal/image-placeholders-generator/logo.png
2924531,30107304,/home/dima/NetBeans/internal/image-placeholders-generator/logo.png
2924532,30106290,/home/dima/NetBeans/internal/image-placeholders-generator/logo.png
2924533,30108506,/home/dima/NetBeans/internal/image-placeholders-generator/logo.png
2924534,30108502,/home/dima/NetBeans/internal/image-placeholders-generator/logo.png
2924535,30106458,/home/dima/NetBeans/internal/image-placeholders-generator/logo.png
2924536,30106459,/home/dima/NetBeans/internal/image-placeholders-generator/logo.png
2924537,30109210,/home/dima/NetBeans/internal/image-placeholders-generator/logo.png
2924538,30108171,/home/dima/NetBeans/internal/image-placeholders-generator/logo.png
2924539,30106311,/home/dima/NetBeans/internal/image-placeholders-generator/logo.png
2924540,30107649,/home/dima/NetBeans/internal/image-placeholders-generator/logo.png
2924541,30106968,/home/dima/NetBeans/internal/image-placeholders-generator/logo.png
2924542,30104177,/home/dima/NetBeans/internal/image-placeholders-generator/logo.png
2924543,30106247,/home/dima/NetBeans/internal/image-placeholders-generator/logo.png
2924544,30107232,/home/dima/NetBeans/internal/image-placeholders-generator/logo.png
2924545,30109620,/home/dima/NetBeans/internal/image-placeholders-generator/logo.png
2924546,30106315,/home/dima/NetBeans/internal/image-placeholders-generator/logo.png
2924547,30109311,/home/dima/NetBeans/internal/image-placeholders-generator/logo.png
2924548,30106856,/home/dima/NetBeans/internal/image-placeholders-generator/logo.png
2924549,30105298,/home/dima/NetBeans/internal/image-placeholders-generator/logo.png
2924550,30108169,/home/dima/NetBeans/internal/image-placeholders-generator/logo.png
2924551,30108536,/home/dima/NetBeans/internal/image-placeholders-generator/logo.png
2924552,30010119,/home/dima/NetBeans/internal/image-placeholders-generator/logo.png
2924553,30010142,/home/dima/NetBeans/internal/image-placeholders-generator/logo.png
2924554,30108982,/home/dima/NetBeans/internal/image-placeholders-generator/logo.png
2924555,30108504,/home/dima/NetBeans/internal/image-placeholders-generator/logo.png
2924556,30107235,/home/dima/NetBeans/internal/image-placeholders-generator/logo.png
2924557,30106227,/home/dima/NetBeans/internal/image-placeholders-generator/logo.png
2924558,30108509,/home/dima/NetBeans/internal/image-placeholders-generator/logo.png
2924559,30109636,/home/dima/NetBeans/internal/image-placeholders-generator/logo.png
2924560,30108267,/home/dima/NetBeans/internal/image-placeholders-generator/logo.png
2924561,30107070,/home/dima/NetBeans/internal/image-placeholders-generator/logo.png
2924562,20062475,/home/dima/NetBeans/internal/image-placeholders-generator/logo.png
2924563,30108551,/home/dima/NetBeans/internal/image-placeholders-generator/logo.png
5835665,6-208-100-112-0000,/home/dima/NetBeans/internal/image-placeholders-generator/logo.png
