id,minimum_order_qty,ship_qty,buy_qty,image,,,,
2538490,10,10,10,http:/www.midlandindustrial.com/photos/32502.jpg,,,,
2538488,10,10,10,http:/www.midlandindustrial.com/photos/32500.jpg,,,,
2538489,10,10,10,http:/www.midlandindustrial.com/photos/32501.jpg,,,,
2538492,10,10,10,http:/www.midlandindustrial.com/photos/32504.jpg,,,,
2538491,10,10,10,,,,,
2538497,10,10,10,http:/www.midlandindustrial.com/photos/32517.jpg,,,,
2538507,10,10,10,http:/www.midlandindustrial.com/photos/32551.jpg,,,,
2538506,10,10,10,http:/www.midlandindustrial.com/photos/32550.jpg,,,,
2538508,10,10,10,http:/www.midlandindustrial.com/photos/32552.jpg,,,,
2538509,10,10,10,http:/www.midlandindustrial.com/photos/32553.jpg,,,,
2538511,10,10,10,http:/www.midlandindustrial.com/photos/32555.jpg,,,,
2538353,10,10,10,http:/www.midlandindustrial.com/photos/CG3750.jpg,,,,
2538494,10,10,10,,,,,
2538518,10,10,10,http:/www.midlandindustrial.com/photos/32563.jpg,,,,
2538514,10,10,10,http:/www.midlandindustrial.com/photos/32558.jpg,,,,
2538499,10,10,10,http:/www.midlandindustrial.com/photos/32526.jpg,,,,
2538354,10,10,10,http:/www.midlandindustrial.com/photos/CG5000.jpg,,,,
2538493,10,10,10,,,,,
2538510,10,10,10,http:/www.midlandindustrial.com/photos/32554.jpg,,,,
2538516,10,10,10,http:/www.midlandindustrial.com/photos/32561.jpg,,,,
2538520,10,10,10,http:/www.midlandindustrial.com/photos/32565.jpg,,,,
2538525,10,10,10,http:/www.midlandindustrial.com/photos/32571.jpg,,,,
2538526,10,10,10,http:/www.midlandindustrial.com/photos/32572.jpg,,,,
2538115,10,10,10,http:/www.midlandindustrial.com/photos/830183.jpg,,,,
2538513,10,10,10,http:/www.midlandindustrial.com/photos/32557.jpg,,,,
2538519,10,10,10,http:/www.midlandindustrial.com/photos/32564.jpg,,,,
2538528,10,10,10,http:/www.midlandindustrial.com/photos/32574.jpg,,,,
2538053,10,10,10,,,,,
2538119,10,10,10,http:/www.midlandindustrial.com/photos/830185.jpg,,,,
2538515,10,10,10,http:/www.midlandindustrial.com/photos/32559.jpg,,,,
2538522,10,10,10,http:/www.midlandindustrial.com/photos/32567.jpg,,,,
2538530,10,10,10,http:/www.midlandindustrial.com/photos/32576.jpg,,,,
2538532,10,10,10,http:/www.midlandindustrial.com/photos/32578.jpg,,,,
2538055,10,10,10,,,,,
2538355,10,10,10,http:/www.midlandindustrial.com/photos/CG6250.jpg,,,,
2538117,10,10,10,http:/www.midlandindustrial.com/photos/830184.jpg,,,,
2538498,10,10,10,http:/www.midlandindustrial.com/photos/32521.jpg,,,,
2538517,10,10,10,http:/www.midlandindustrial.com/photos/32562.jpg,,,,
2538521,10,10,10,http:/www.midlandindustrial.com/photos/32566.jpg,,,,
2538524,10,10,10,http:/www.midlandindustrial.com/photos/32570.jpg,,,,
2538057,10,10,10,,,,,
2538241,10,10,10,http:/www.midlandindustrial.com/photos/16700024.jpg,,,,
2538512,10,10,10,http:/www.midlandindustrial.com/photos/32556.jpg,,,,
2538523,10,10,10,http:/www.midlandindustrial.com/photos/32568.jpg,,,,
2538059,10,10,10,,,,,
2538061,10,10,10,,,,,
2538123,10,10,10,http:/www.midlandindustrial.com/photos/830189.jpg,,,,
2538495,10,10,10,,,,,
2538501,10,10,10,,,,,
2538529,10,10,10,http:/www.midlandindustrial.com/photos/32575.jpg,,,,
2538118,10,10,10,http:/www.midlandindustrial.com/photos/830184S.jpg,,,,
2538496,10,10,10,,,,,
2538063,10,10,10,,,,,
2538116,10,10,10,http:/www.midlandindustrial.com/photos/830183S.jpg,,,,
2538120,10,10,10,http:/www.midlandindustrial.com/photos/830185.jpg,,,,
2538127,10,10,10,http:/www.midlandindustrial.com/photos/830192.jpg,,,,
2538531,10,10,10,http:/www.midlandindustrial.com/photos/32577.jpg,,,,
2538222,10,10,10,http:/www.midlandindustrial.com/photos/1510009.jpg,,,,
2538231,10,10,10,http:/www.midlandindustrial.com/photos/1510023.jpg,,,,
2538131,10,10,10,http:/www.midlandindustrial.com/photos/830194.jpg,,,,
2538133,10,10,10,http:/www.midlandindustrial.com/photos/830195.jpg,,,,
2538046,10,10,10,http:/www.midlandindustrial.com/photos/32500.jpg,,,,
2538065,10,10,10,,,,,
2538052,10,10,10,http:/www.midlandindustrial.com/photos/350004.jpg,,,,
2538056,10,10,10,http:/www.midlandindustrial.com/photos/350006.jpg,,,,
2538418,10,10,10,,,,,
2538109,10,10,10,http:/www.midlandindustrial.com/photos/830132.jpg,,,,
2538067,10,10,10,http:/www.midlandindustrial.com/photos/350020.jpg,,,,
2538357,10,10,10,http:/www.midlandindustrial.com/photos/CS3751.jpg,,,,
2538139,10,10,10,http:/www.midlandindustrial.com/photos/830198.jpg,,,,
2538536,10,10,10,,,,,
2538356,10,10,10,http:/www.midlandindustrial.com/photos/CG7500.jpg,,,,
2538358,10,10,10,http:/www.midlandindustrial.com/photos/CS5001.jpg,,,,
2538235,10,10,10,http:/www.midlandindustrial.com/photos/16700010.jpg,,,,
2538044,10,10,10,http:/www.midlandindustrial.com/photos/32500.jpg,,,,
2538502,10,10,10,,,,,
2538533,10,10,10,http:/www.midlandindustrial.com/photos/32579.jpg,,,,
2538058,10,10,10,http:/www.midlandindustrial.com/photos/350008.jpg,,,,
2538135,10,10,10,http:/www.midlandindustrial.com/photos/830196.jpg,,,,
2538534,10,10,10,http:/www.midlandindustrial.com/photos/32580.jpg,,,,
2538232,10,10,10,http:/www.midlandindustrial.com/photos/16700001.jpg,,,,
2538113,10,10,10,http:/www.midlandindustrial.com/photos/830182.jpg,,,,
2538045,10,10,10,http:/www.midlandindustrial.com/photos/32500.jpg,,,,
2538121,10,10,10,http:/www.midlandindustrial.com/photos/830188.jpg,,,,
2538125,10,10,10,http:/www.midlandindustrial.com/photos/830190.jpg,,,,
2538129,10,10,10,http:/www.midlandindustrial.com/photos/830193.jpg,,,,
2538500,10,10,10,http:/www.midlandindustrial.com/photos/32533.jpg,,,,
2538504,10,10,10,http:/www.midlandindustrial.com/photos/32545.jpg,,,,
2538422,10,10,10,http:/www.midlandindustrial.com/photos/92011.jpg,,,,
2538239,10,10,10,http:/www.midlandindustrial.com/photos/16700017.jpg,,,,
2538111,10,10,10,http:/www.midlandindustrial.com/photos/830152.jpg,,,,
2538126,10,10,10,http:/www.midlandindustrial.com/photos/830190S.jpg,,,,
2538137,10,10,10,http:/www.midlandindustrial.com/photos/830197.jpg,,,,
2538254,10,10,10,http:/www.midlandindustrial.com/photos/F4.jpg,,,,
2538047,10,10,10,http:/www.midlandindustrial.com/photos/32500.jpg,,,,
2538527,10,10,10,http:/www.midlandindustrial.com/photos/32573.jpg,,,,
2538535,10,10,10,http:/www.midlandindustrial.com/photos/32584.jpg,,,,
2538443,10,10,10,http:/www.midlandindustrial.com/photos/95304.jpg,,,,
2538425,10,10,10,http:/www.midlandindustrial.com/photos/92014.jpg,,,,
2538444,10,10,10,http:/www.midlandindustrial.com/photos/95305.jpg,,,,
2538233,10,10,10,http:/www.midlandindustrial.com/photos/16700004.jpg,,,,
2538503,10,10,10,,,,,
2538441,10,10,10,http:/www.midlandindustrial.com/photos/95302.jpg,,,,
2538122,10,10,10,http:/www.midlandindustrial.com/photos/830188S.jpg,,,,
2538287,10,10,10,http:/www.midlandindustrial.com/photos/K3.jpg,,,,
2538288,10,10,10,http:/www.midlandindustrial.com/photos/K311.jpg,,,,
2538421,10,10,10,http:/www.midlandindustrial.com/photos/92010.jpg,,,,
2538439,10,10,10,http:/www.midlandindustrial.com/photos/95300.jpg,,,,
2538217,10,10,10,http:/www.midlandindustrial.com/photos/1510003.jpg,,,,
2538219,10,10,10,http:/www.midlandindustrial.com/photos/1510006.jpg,,,,
2538251,10,10,10,http:/www.midlandindustrial.com/photos/F3.jpg,,,,
2538049,10,10,10,http:/www.midlandindustrial.com/photos/32501.jpg,,,,
2538060,10,10,10,http:/www.midlandindustrial.com/photos/350010.jpg,,,,
2538062,10,10,10,http:/www.midlandindustrial.com/photos/350012.jpg,,,,
2538428,10,10,10,http:/www.midlandindustrial.com/photos/92017.jpg,,,,
2538124,10,10,10,http:/www.midlandindustrial.com/photos/830189S.jpg,,,,
2538141,10,10,10,http:/www.midlandindustrial.com/photos/830288.jpg,,,,
2538420,10,10,10,http:/www.midlandindustrial.com/photos/92009.jpg,,,,
2538442,10,10,10,http:/www.midlandindustrial.com/photos/95303.jpg,,,,
2538257,10,10,10,http:/www.midlandindustrial.com/photos/F7.jpg,,,,
2538255,10,10,10,http:/www.midlandindustrial.com/photos/F5.jpg,,,,
2537948,10,10,10,http:/www.midlandindustrial.com/photos/611010.jpg,,,,
2538236,10,10,10,http:/www.midlandindustrial.com/photos/16700012.jpg,,,,
2538099,10,10,10,http:/www.midlandindustrial.com/photos/830060.jpg,,,,
2538048,10,10,10,http:/www.midlandindustrial.com/photos/32501.jpg,,,,
2538537,10,10,10,http:/www.midlandindustrial.com/photos/32588.jpg,,,,
2537926,10,10,10,http:/www.midlandindustrial.com/photos/600010.jpg,,,,
2537928,10,10,10,http:/www.midlandindustrial.com/photos/600016.jpg,,,,
2537929,10,10,10,http:/www.midlandindustrial.com/photos/600020.jpg,,,,
2538426,10,10,10,http:/www.midlandindustrial.com/photos/92015.jpg,,,,
2538447,10,10,10,http:/www.midlandindustrial.com/photos/95308.jpg,,,,
2538105,10,10,10,http:/www.midlandindustrial.com/photos/830080.jpg,,,,
2538258,10,10,10,http:/www.midlandindustrial.com/photos/F8.jpg,,,,
2538314,10,10,10,http:/www.midlandindustrial.com/photos/FLJ301.jpg,,,,
2538440,10,10,10,http:/www.midlandindustrial.com/photos/95301.jpg,,,,
2538128,10,10,10,http:/www.midlandindustrial.com/photos/830192S.jpg,,,,
2538132,10,10,10,http:/www.midlandindustrial.com/photos/830194S.jpg,,,,
2538505,10,10,10,http:/www.midlandindustrial.com/photos/32549.jpg,,,,
2537932,10,10,10,http:/www.midlandindustrial.com/photos/600032.jpg,,,,
2537933,10,10,10,http:/www.midlandindustrial.com/photos/600036.jpg,,,,
2537955,10,10,10,http:/www.midlandindustrial.com/photos/611036.jpg,,,,
2538424,10,10,10,http:/www.midlandindustrial.com/photos/92013.jpg,,,,
2538445,10,10,10,http:/www.midlandindustrial.com/photos/95306.jpg,,,,
2538240,10,10,10,http:/www.midlandindustrial.com/photos/16700022.jpg,,,,
2538225,10,10,10,http:/www.midlandindustrial.com/photos/1510012.jpg,,,,
2537924,10,10,10,http:/www.midlandindustrial.com/photos/600006.jpg,,,,
2537925,10,10,10,http:/www.midlandindustrial.com/photos/600008.jpg,,,,
2537927,10,10,10,http:/www.midlandindustrial.com/photos/600012.jpg,,,,
2537930,10,10,10,http:/www.midlandindustrial.com/photos/600024.jpg,,,,
2538427,10,10,10,http:/www.midlandindustrial.com/photos/92016.jpg,,,,
2538359,10,10,10,http:/www.midlandindustrial.com/photos/CS6251.jpg,,,,
2538110,10,10,10,http:/www.midlandindustrial.com/photos/830132.jpg,,,,
2538333,10,10,10,http:/www.midlandindustrial.com/photos/FLJ343.jpg,,,,
2538542,10,10,10,,,,,
2537983,10,10,10,,,,,
2537985,10,10,10,,,,,
2537946,10,10,10,http:/www.midlandindustrial.com/photos/611006.jpg,,,,
2537952,10,10,10,http:/www.midlandindustrial.com/photos/611024.jpg,,,,
2538423,10,10,10,http:/www.midlandindustrial.com/photos/92012.jpg,,,,
2538446,10,10,10,http:/www.midlandindustrial.com/photos/95307.jpg,,,,
2538449,10,10,10,http:/www.midlandindustrial.com/photos/95310.jpg,,,,
2538234,10,10,10,http:/www.midlandindustrial.com/photos/16700007.jpg,,,,
2538238,10,10,10,http:/www.midlandindustrial.com/photos/16700016.jpg,,,,
2538114,10,10,10,http:/www.midlandindustrial.com/photos/830182S.jpg,,,,
2538130,10,10,10,http:/www.midlandindustrial.com/photos/830193S.jpg,,,,
2538138,10,10,10,http:/www.midlandindustrial.com/photos/830197S.jpg,,,,
2538315,10,10,10,http:/www.midlandindustrial.com/photos/FLJ302.jpg,,,,
2538140,10,10,10,http:/www.midlandindustrial.com/photos/830198S.jpg,,,,
2538252,10,10,10,http:/www.midlandindustrial.com/photos/F311.jpg,,,,
2537987,10,10,10,,,,,
2537947,10,10,10,http:/www.midlandindustrial.com/photos/611008.jpg,,,,
2537949,10,10,10,http:/www.midlandindustrial.com/photos/611012.jpg,,,,
2538419,10,10,10,http:/www.midlandindustrial.com/photos/92008.jpg,,,,
2538259,10,10,10,http:/www.midlandindustrial.com/photos/F9.jpg,,,,
2540885,10,10,10,http:/www.midlandindustrial.com/photos/FS6.jpg,,,,
2538334,10,10,10,http:/www.midlandindustrial.com/photos/FLJ345.jpg,,,,
2538290,10,10,10,http:/www.midlandindustrial.com/photos/K4.jpg,,,,
2537989,10,10,10,,,,,
2538054,10,10,10,http:/www.midlandindustrial.com/photos/350005.jpg,,,,
2537931,10,10,10,http:/www.midlandindustrial.com/photos/600028.jpg,,,,
2537982,10,10,10,http:/www.midlandindustrial.com/photos/620006.jpg,,,,
2538448,10,10,10,http:/www.midlandindustrial.com/photos/95309.jpg,,,,
2538218,10,10,10,http:/www.midlandindustrial.com/photos/1510004.jpg,,,,
2538103,10,10,10,http:/www.midlandindustrial.com/photos/830072.jpg,,,,
2538256,10,10,10,http:/www.midlandindustrial.com/photos/F6.jpg,,,,
2538051,10,10,10,http:/www.midlandindustrial.com/photos/32502.jpg,,,,
2538538,10,10,10,http:/www.midlandindustrial.com/photos/32590.jpg,,,,
2537934,10,10,10,http:/www.midlandindustrial.com/photos/600040.jpg,,,,
2537956,10,10,10,http:/www.midlandindustrial.com/photos/611040.jpg,,,,
2537994,10,10,10,http:/www.midlandindustrial.com/photos/620024.jpg,,,,
2538237,10,10,10,http:/www.midlandindustrial.com/photos/16700013.jpg,,,,
2537996,10,10,10,http:/www.midlandindustrial.com/photos/620028.jpg,,,,
2538101,10,10,10,http:/www.midlandindustrial.com/photos/830064.jpg,,,,
2538134,10,10,10,http:/www.midlandindustrial.com/photos/830195S.jpg,,,,
2537991,10,10,10,,,,,
2538104,10,10,10,http:/www.midlandindustrial.com/photos/830072.jpg,,,,
2538242,10,10,10,http:/www.midlandindustrial.com/photos/F10.jpg,,,,
2538066,10,10,10,http:/www.midlandindustrial.com/photos/350020.jpg,,,,
2537951,10,10,10,http:/www.midlandindustrial.com/photos/611020.jpg,,,,
2538223,10,10,10,http:/www.midlandindustrial.com/photos/1510010.jpg,,,,
2538100,10,10,10,http:/www.midlandindustrial.com/photos/830060S.jpg,,,,
2537950,10,10,10,http:/www.midlandindustrial.com/photos/611016.jpg,,,,
2538453,10,10,10,http:/www.midlandindustrial.com/photos/95314.jpg,,,,
2537993,10,10,10,,,,,
2538071,10,10,10,http:/www.midlandindustrial.com/photos/500036.jpg,,,,
2537998,10,10,10,http:/www.midlandindustrial.com/photos/620032.jpg,,,,
2538360,10,10,10,http:/www.midlandindustrial.com/photos/CS7501.jpg,,,,
2540882,10,10,10,http:/www.midlandindustrial.com/photos/FS6.jpg,,,,
2538292,10,10,10,http:/www.midlandindustrial.com/photos/K6.jpg,,,,
2537984,10,10,10,http:/www.midlandindustrial.com/photos/620008.jpg,,,,
2537986,10,10,10,http:/www.midlandindustrial.com/photos/620010.jpg,,,,
2537990,10,10,10,http:/www.midlandindustrial.com/photos/620016.jpg,,,,
2538539,10,10,10,http:/www.midlandindustrial.com/photos/32591.jpg,,,,
2538541,10,10,10,,,,,
2537958,10,10,10,http:/www.midlandindustrial.com/photos/611048.jpg,,,,
2537992,10,10,10,http:/www.midlandindustrial.com/photos/620020.jpg,,,,
2538000,10,10,10,http:/www.midlandindustrial.com/photos/620036.jpg,,,,
2540883,10,10,10,http:/www.midlandindustrial.com/photos/FS6.jpg,,,,
2538291,10,10,10,http:/www.midlandindustrial.com/photos/K5.jpg,,,,
2538142,10,10,10,http:/www.midlandindustrial.com/photos/830288S.jpg,,,,
2538305,10,10,10,http:/www.midlandindustrial.com/photos/KS3.jpg,,,,
2537995,10,10,10,,,,,
2538450,10,10,10,http:/www.midlandindustrial.com/photos/95311.jpg,,,,
2538306,10,10,10,http:/www.midlandindustrial.com/photos/KS311.jpg,,,,
2538064,10,10,10,http:/www.midlandindustrial.com/photos/350016.jpg,,,,
2537936,10,10,10,http:/www.midlandindustrial.com/photos/600048.jpg,,,,
2538220,10,10,10,http:/www.midlandindustrial.com/photos/1510007.jpg,,,,
2538269,10,10,10,http:/www.midlandindustrial.com/photos/FS3.jpg,,,,
2538245,10,10,10,http:/www.midlandindustrial.com/photos/F14.jpg,,,,
2538294,10,10,10,http:/www.midlandindustrial.com/photos/K8.jpg,,,,
2538451,10,10,10,http:/www.midlandindustrial.com/photos/95312.jpg,,,,
2538136,10,10,10,http:/www.midlandindustrial.com/photos/830196S.jpg,,,,
2538243,10,10,10,http:/www.midlandindustrial.com/photos/F11.jpg,,,,
2537997,10,10,10,,,,,
2538112,10,10,10,http:/www.midlandindustrial.com/photos/830152S.jpg,,,,
2537959,10,10,10,http:/www.midlandindustrial.com/photos/611052.jpg,,,,
2538221,10,10,10,http:/www.midlandindustrial.com/photos/1510008.jpg,,,,
2538107,10,10,10,http:/www.midlandindustrial.com/photos/830096.jpg,,,,
2538270,10,10,10,http:/www.midlandindustrial.com/photos/FS311.jpg,,,,
2538293,10,10,10,http:/www.midlandindustrial.com/photos/K7.jpg,,,,
2537999,10,10,10,,,,,
2537939,10,10,10,http:/www.midlandindustrial.com/photos/600060.jpg,,,,
2537961,10,10,10,http:/www.midlandindustrial.com/photos/611060.jpg,,,,
2538452,10,10,10,http:/www.midlandindustrial.com/photos/95313.jpg,,,,
2538244,10,10,10,http:/www.midlandindustrial.com/photos/F12.jpg,,,,
2538335,10,10,10,http:/www.midlandindustrial.com/photos/FLJ346.jpg,,,,
2538278,10,10,10,http:/www.midlandindustrial.com/photos/K10.jpg,,,,
2538001,10,10,10,,,,,
2537940,10,10,10,http:/www.midlandindustrial.com/photos/600064.jpg,,,,
2538473,10,10,10,http:/www.midlandindustrial.com/photos/96303.jpg,,,,
2538455,10,10,10,http:/www.midlandindustrial.com/photos/95316.jpg,,,,
2540888,10,10,10,http:/www.midlandindustrial.com/photos/FS6.jpg,,,,
2537988,10,10,10,http:/www.midlandindustrial.com/photos/620012.jpg,,,,
2538472,10,10,10,http:/www.midlandindustrial.com/photos/96302.jpg,,,,
2538108,10,10,10,http:/www.midlandindustrial.com/photos/830096S.jpg,,,,
2538295,10,10,10,http:/www.midlandindustrial.com/photos/K9.jpg,,,,
2538540,10,10,10,,,,,
2538279,10,10,10,http:/www.midlandindustrial.com/photos/K11.jpg,,,,
2538003,10,10,10,,,,,
2537935,10,10,10,http:/www.midlandindustrial.com/photos/600044.jpg,,,,
2537941,10,10,10,http:/www.midlandindustrial.com/photos/600072.jpg,,,,
2537953,10,10,10,http:/www.midlandindustrial.com/photos/611028.jpg,,,,
2537954,10,10,10,http:/www.midlandindustrial.com/photos/611032.jpg,,,,
2538471,10,10,10,http:/www.midlandindustrial.com/photos/96301.jpg,,,,
2538069,10,10,10,http:/www.midlandindustrial.com/photos/500020.jpg,,,,
2537942,10,10,10,http:/www.midlandindustrial.com/photos/600080.jpg,,,,
2537962,10,10,10,http:/www.midlandindustrial.com/photos/611064.jpg,,,,
2538006,10,10,10,http:/www.midlandindustrial.com/photos/620048.jpg,,,,
2538005,10,10,10,,,,,
2538070,10,10,10,http:/www.midlandindustrial.com/photos/500028.jpg,,,,
2537960,10,10,10,http:/www.midlandindustrial.com/photos/611056.jpg,,,,
2538475,10,10,10,http:/www.midlandindustrial.com/photos/96305.jpg,,,,
2538226,10,10,10,http:/www.midlandindustrial.com/photos/1510013.jpg,,,,
2538008,10,10,10,http:/www.midlandindustrial.com/photos/620052.jpg,,,,
2538010,10,10,10,http:/www.midlandindustrial.com/photos/620056.jpg,,,,
2538454,10,10,10,http:/www.midlandindustrial.com/photos/95315.jpg,,,,
2538246,10,10,10,http:/www.midlandindustrial.com/photos/F16.jpg,,,,
2538002,10,10,10,http:/www.midlandindustrial.com/photos/620040.jpg,,,,
2538050,10,10,10,http:/www.midlandindustrial.com/photos/32501.jpg,,,,
2538084,10,10,10,http:/www.midlandindustrial.com/photos/550020.jpg,,,,
2538007,10,10,10,,,,,
2538476,10,10,10,http:/www.midlandindustrial.com/photos/96306.jpg,,,,
2538014,10,10,10,http:/www.midlandindustrial.com/photos/620064.jpg,,,,
2538474,10,10,10,http:/www.midlandindustrial.com/photos/96304.jpg,,,,
2538272,10,10,10,http:/www.midlandindustrial.com/photos/FS4.jpg,,,,
2538009,10,10,10,,,,,
2538102,10,10,10,http:/www.midlandindustrial.com/photos/830064S.jpg,,,,
2538228,10,10,10,http:/www.midlandindustrial.com/photos/1510016.jpg,,,,
2538106,10,10,10,http:/www.midlandindustrial.com/photos/830080S.jpg,,,,
2538317,10,10,10,http:/www.midlandindustrial.com/photos/FLJ304.jpg,,,,
2538085,10,10,10,http:/www.midlandindustrial.com/photos/550028.jpg,,,,
2538224,10,10,10,http:/www.midlandindustrial.com/photos/1510011.jpg,,,,
2538280,10,10,10,http:/www.midlandindustrial.com/photos/K12.jpg,,,,
2538011,10,10,10,,,,,
2538016,10,10,10,http:/www.midlandindustrial.com/photos/620072.jpg,,,,
2538247,10,10,10,http:/www.midlandindustrial.com/photos/F18.jpg,,,,
2538248,10,10,10,http:/www.midlandindustrial.com/photos/F20.jpg,,,,
2538316,10,10,10,http:/www.midlandindustrial.com/photos/FLJ303.jpg,,,,
2538282,10,10,10,http:/www.midlandindustrial.com/photos/K16.jpg,,,,
2538013,10,10,10,,,,,
2538015,10,10,10,,,,,
2538086,10,10,10,http:/www.midlandindustrial.com/photos/550036.jpg,,,,
2537957,10,10,10,http:/www.midlandindustrial.com/photos/611044.jpg,,,,
2538227,10,10,10,http:/www.midlandindustrial.com/photos/1510014.jpg,,,,
2538274,10,10,10,http:/www.midlandindustrial.com/photos/FS6.jpg,,,,
2540886,10,10,10,http:/www.midlandindustrial.com/photos/FS6.jpg,,,,
2538318,10,10,10,http:/www.midlandindustrial.com/photos/FLJ305.jpg,,,,
2537967,10,10,10,http:/www.midlandindustrial.com/photos/611104.jpg,,,,
2538436,10,10,10,http:/www.midlandindustrial.com/photos/93015.jpg,,,,
2538273,10,10,10,http:/www.midlandindustrial.com/photos/FS5.jpg,,,,
2538281,10,10,10,http:/www.midlandindustrial.com/photos/K14.jpg,,,,
2538319,10,10,10,http:/www.midlandindustrial.com/photos/FLJ306.jpg,,,,
2537938,10,10,10,http:/www.midlandindustrial.com/photos/600056.jpg,,,,
2537943,10,10,10,http:/www.midlandindustrial.com/photos/600088.jpg,,,,
2538431,10,10,10,http:/www.midlandindustrial.com/photos/93010.jpg,,,,
2538373,10,10,10,http:/www.midlandindustrial.com/photos/88024.jpg,,,,
2538320,10,10,10,http:/www.midlandindustrial.com/photos/FLJ307.jpg,,,,
2538283,10,10,10,http:/www.midlandindustrial.com/photos/K18.jpg,,,,
2538074,10,10,10,http:/www.midlandindustrial.com/photos/500072.jpg,,,,
2538321,10,10,10,http:/www.midlandindustrial.com/photos/FLJ308.jpg,,,,
2537963,10,10,10,http:/www.midlandindustrial.com/photos/611072.jpg,,,,
2538017,10,10,10,,,,,
2538004,10,10,10,http:/www.midlandindustrial.com/photos/620044.jpg,,,,
2538477,10,10,10,http:/www.midlandindustrial.com/photos/96307.jpg,,,,
2538478,10,10,10,http:/www.midlandindustrial.com/photos/96308.jpg,,,,
2538072,10,10,10,http:/www.midlandindustrial.com/photos/500048.jpg,,,,
2537965,10,10,10,http:/www.midlandindustrial.com/photos/611088.jpg,,,,
2537966,10,10,10,http:/www.midlandindustrial.com/photos/611096.jpg,,,,
2538019,10,10,10,http:/www.midlandindustrial.com/photos/620088.jpg,,,,
2538479,10,10,10,http:/www.midlandindustrial.com/photos/96310.jpg,,,,
2538456,10,10,10,http:/www.midlandindustrial.com/photos/95317.jpg,,,,
2538309,10,10,10,http:/www.midlandindustrial.com/photos/KS5.jpg,,,,
2538284,10,10,10,http:/www.midlandindustrial.com/photos/K20.jpg,,,,
2538083,10,10,10,http:/www.midlandindustrial.com/photos/550012.jpg,,,,
2538480,10,10,10,http:/www.midlandindustrial.com/photos/96312.jpg,,,,
2538322,10,10,10,http:/www.midlandindustrial.com/photos/FLJ309.jpg,,,,
2538308,10,10,10,http:/www.midlandindustrial.com/photos/KS4.jpg,,,,
2537944,10,10,10,http:/www.midlandindustrial.com/photos/600096.jpg,,,,
2540889,10,10,10,http:/www.midlandindustrial.com/photos/FS6.jpg,,,,
2538087,10,10,10,http:/www.midlandindustrial.com/photos/550048.jpg,,,,
2537937,10,10,10,http:/www.midlandindustrial.com/photos/600052.jpg,,,,
2538230,10,10,10,http:/www.midlandindustrial.com/photos/1510020.jpg,,,,
2538276,10,10,10,http:/www.midlandindustrial.com/photos/FS8.jpg,,,,
2538374,10,10,10,http:/www.midlandindustrial.com/photos/88028.jpg,,,,
2538311,10,10,10,http:/www.midlandindustrial.com/photos/KS7.jpg,,,,
2538249,10,10,10,http:/www.midlandindustrial.com/photos/F24.jpg,,,,
2538310,10,10,10,http:/www.midlandindustrial.com/photos/KS6.jpg,,,,
2538021,10,10,10,http:/www.midlandindustrial.com/photos/620104.jpg,,,,
2538429,10,10,10,http:/www.midlandindustrial.com/photos/93008.jpg,,,,
2538376,10,10,10,http:/www.midlandindustrial.com/photos/88038.jpg,,,,
2538457,10,10,10,http:/www.midlandindustrial.com/photos/95318.jpg,,,,
2540870,10,10,10,http:/www.midlandindustrial.com/photos/FS6.jpg,,,,
2538435,10,10,10,http:/www.midlandindustrial.com/photos/93014.jpg,,,,
2538336,10,10,10,http:/www.midlandindustrial.com/photos/FLJS203.jpg,,,,
2537945,10,10,10,http:/www.midlandindustrial.com/photos/600104.jpg,,,,
2538073,10,10,10,http:/www.midlandindustrial.com/photos/500056.jpg,,,,
2538285,10,10,10,http:/www.midlandindustrial.com/photos/K24.jpg,,,,
2537964,10,10,10,http:/www.midlandindustrial.com/photos/611080.jpg,,,,
2538438,10,10,10,http:/www.midlandindustrial.com/photos/93017.jpg,,,,
2538460,10,10,10,http:/www.midlandindustrial.com/photos/95321.jpg,,,,
2538275,10,10,10,http:/www.midlandindustrial.com/photos/FS7.jpg,,,,
2538458,10,10,10,http:/www.midlandindustrial.com/photos/95319.jpg,,,,
2540893,10,10,10,http:/www.midlandindustrial.com/photos/FS6.jpg,,,,
2538277,10,10,10,http:/www.midlandindustrial.com/photos/FS9.jpg,,,,
2538260,10,10,10,http:/www.midlandindustrial.com/photos/FS10.jpg,,,,
2538338,10,10,10,http:/www.midlandindustrial.com/photos/FLJS205.jpg,,,,
2538459,10,10,10,http:/www.midlandindustrial.com/photos/95320.jpg,,,,
2538332,10,10,10,http:/www.midlandindustrial.com/photos/FLJ327.jpg,,,,
2538262,10,10,10,http:/www.midlandindustrial.com/photos/FS12.jpg,,,,
2540884,10,10,10,http:/www.midlandindustrial.com/photos/FS6.jpg,,,,
2540887,10,10,10,http:/www.midlandindustrial.com/photos/FS6.jpg,,,,
2538250,10,10,10,http:/www.midlandindustrial.com/photos/F28.jpg,,,,
2538377,10,10,10,http:/www.midlandindustrial.com/photos/88050.jpg,,,,
2538312,10,10,10,http:/www.midlandindustrial.com/photos/KS8.jpg,,,,
2538313,10,10,10,http:/www.midlandindustrial.com/photos/KS9.jpg,,,,
2538430,10,10,10,http:/www.midlandindustrial.com/photos/93009.jpg,,,,
2538481,10,10,10,http:/www.midlandindustrial.com/photos/96314.jpg,,,,
2538461,10,10,10,http:/www.midlandindustrial.com/photos/95322.jpg,,,,
2538229,10,10,10,http:/www.midlandindustrial.com/photos/1510019.jpg,,,,
2538375,10,10,10,http:/www.midlandindustrial.com/photos/88032.jpg,,,,
2540958,10,10,10,http:/www.midlandindustrial.com/photos/FS6.jpg,,,,
2538337,10,10,10,http:/www.midlandindustrial.com/photos/FLJS204.jpg,,,,
2537969,10,10,10,http:/www.midlandindustrial.com/photos/611128.jpg,,,,
2538433,10,10,10,http:/www.midlandindustrial.com/photos/93012.jpg,,,,
2540938,10,10,10,http:/www.midlandindustrial.com/photos/FS6.jpg,,,,
2538432,10,10,10,http:/www.midlandindustrial.com/photos/93011.jpg,,,,
2538077,10,10,10,http:/www.midlandindustrial.com/photos/500128.jpg,,,,
2540872,10,10,10,http:/www.midlandindustrial.com/photos/FS6.jpg,,,,
2538434,10,10,10,http:/www.midlandindustrial.com/photos/93013.jpg,,,,
2538012,10,10,10,http:/www.midlandindustrial.com/photos/620060.jpg,,,,
2538323,10,10,10,http:/www.midlandindustrial.com/photos/FLJ310.jpg,,,,
2538340,10,10,10,http:/www.midlandindustrial.com/photos/FLJS207.jpg,,,,
2538145,10,10,10,http:/www.midlandindustrial.com/photos/840175.jpg,,,,
2538324,10,10,10,http:/www.midlandindustrial.com/photos/FLJ311.jpg,,,,
2538020,10,10,10,http:/www.midlandindustrial.com/photos/620096.jpg,,,,
2540959,10,10,10,http:/www.midlandindustrial.com/photos/FS6.jpg,,,,
2538437,10,10,10,http:/www.midlandindustrial.com/photos/93016.jpg,,,,
2538078,10,10,10,http:/www.midlandindustrial.com/photos/500152.jpg,,,,
2538075,10,10,10,http:/www.midlandindustrial.com/photos/500088.jpg,,,,
2537972,10,10,10,http:/www.midlandindustrial.com/photos/611176.jpg,,,,
2540940,10,10,10,http:/www.midlandindustrial.com/photos/FS6.jpg,,,,
2538018,10,10,10,http:/www.midlandindustrial.com/photos/620080.jpg,,,,
2538144,10,10,10,http:/www.midlandindustrial.com/photos/840150.jpg,,,,
2540869,10,10,10,http:/www.midlandindustrial.com/photos/FS6.jpg,,,,
2540894,10,10,10,http:/www.midlandindustrial.com/photos/FS6.jpg,,,,
2538263,10,10,10,http:/www.midlandindustrial.com/photos/FS14.jpg,,,,
2538296,10,10,10,http:/www.midlandindustrial.com/photos/KS10.jpg,,,,
2538150,10,10,10,http:/www.midlandindustrial.com/photos/840250.jpg,,,,
2540960,10,10,10,http:/www.midlandindustrial.com/photos/FS6.jpg,,,,
2540961,10,10,10,http:/www.midlandindustrial.com/photos/FS6.jpg,,,,
2538261,10,10,10,http:/www.midlandindustrial.com/photos/FS11.jpg,,,,
2538297,10,10,10,http:/www.midlandindustrial.com/photos/KS11.jpg,,,,
2537970,10,10,10,http:/www.midlandindustrial.com/photos/611152.jpg,,,,
2538146,10,10,10,http:/www.midlandindustrial.com/photos/840188.jpg,,,,
2538076,10,10,10,http:/www.midlandindustrial.com/photos/500104.jpg,,,,
2538149,10,10,10,http:/www.midlandindustrial.com/photos/840238.jpg,,,,
2538152,10,10,10,http:/www.midlandindustrial.com/photos/840263.jpg,,,,
2538286,10,10,10,http:/www.midlandindustrial.com/photos/K28.jpg,,,,
2538023,10,10,10,http:/www.midlandindustrial.com/photos/620128.jpg,,,,
2537968,10,10,10,http:/www.midlandindustrial.com/photos/611116.jpg,,,,
2538147,10,10,10,http:/www.midlandindustrial.com/photos/840200.jpg,,,,
2538342,10,10,10,http:/www.midlandindustrial.com/photos/FLJS209.jpg,,,,
2538088,10,10,10,http:/www.midlandindustrial.com/photos/550056.jpg,,,,
2538462,10,10,10,http:/www.midlandindustrial.com/photos/95323.jpg,,,,
2540917,10,10,10,http:/www.midlandindustrial.com/photos/FS6.jpg,,,,
2540874,10,10,10,http:/www.midlandindustrial.com/photos/FS6.jpg,,,,
2538079,10,10,10,http:/www.midlandindustrial.com/photos/500188.jpg,,,,
2538143,10,10,10,http:/www.midlandindustrial.com/photos/840131.jpg,,,,
2538341,10,10,10,http:/www.midlandindustrial.com/photos/FLJS208.jpg,,,,
2538463,10,10,10,http:/www.midlandindustrial.com/photos/95324.jpg,,,,
2540924,10,10,10,http:/www.midlandindustrial.com/photos/FS6.jpg,,,,
2538264,10,10,10,http:/www.midlandindustrial.com/photos/FS16.jpg,,,,
2538326,10,10,10,http:/www.midlandindustrial.com/photos/FLJ313.jpg,,,,
2540939,10,10,10,http:/www.midlandindustrial.com/photos/FS6.jpg,,,,
2538339,10,10,10,http:/www.midlandindustrial.com/photos/FLJS206.jpg,,,,
2537973,10,10,10,http:/www.midlandindustrial.com/photos/611188.jpg,,,,
2540944,10,10,10,http:/www.midlandindustrial.com/photos/FS6.jpg,,,,
2538154,10,10,10,http:/www.midlandindustrial.com/photos/840288.jpg,,,,
2540941,10,10,10,http:/www.midlandindustrial.com/photos/FS6.jpg,,,,
2538325,10,10,10,http:/www.midlandindustrial.com/photos/FLJ312.jpg,,,,
2538080,10,10,10,http:/www.midlandindustrial.com/photos/500216.jpg,,,,
2538158,10,10,10,http:/www.midlandindustrial.com/photos/840350.jpg,,,,
2538327,10,10,10,http:/www.midlandindustrial.com/photos/FLJ314.jpg,,,,
2537976,10,10,10,http:/www.midlandindustrial.com/photos/611224.jpg,,,,
2538482,10,10,10,http:/www.midlandindustrial.com/photos/96316.jpg,,,,
2538155,10,10,10,http:/www.midlandindustrial.com/photos/840300.jpg,,,,
2538157,10,10,10,http:/www.midlandindustrial.com/photos/840325.jpg,,,,
2540962,10,10,10,http:/www.midlandindustrial.com/photos/FS6.jpg,,,,
2540964,10,10,10,http:/www.midlandindustrial.com/photos/FS6.jpg,,,,
2540965,10,10,10,http:/www.midlandindustrial.com/photos/FS6.jpg,,,,
2538026,10,10,10,http:/www.midlandindustrial.com/photos/620176.jpg,,,,
2538380,10,10,10,http:/www.midlandindustrial.com/photos/88085.jpg,,,,
2538289,10,10,10,http:/www.midlandindustrial.com/photos/K32.jpg,,,,
2538298,10,10,10,http:/www.midlandindustrial.com/photos/KS12.jpg,,,,
2538464,10,10,10,http:/www.midlandindustrial.com/photos/95325.jpg,,,,
2540945,10,10,10,http:/www.midlandindustrial.com/photos/FS6.jpg,,,,
2540871,10,10,10,http:/www.midlandindustrial.com/photos/FS6.jpg,,,,
2540895,10,10,10,http:/www.midlandindustrial.com/photos/FS6.jpg,,,,
2538081,10,10,10,http:/www.midlandindustrial.com/photos/500248.jpg,,,,
2538148,10,10,10,http:/www.midlandindustrial.com/photos/840225.jpg,,,,
2538089,10,10,10,http:/www.midlandindustrial.com/photos/550072.jpg,,,,
2537977,10,10,10,http:/www.midlandindustrial.com/photos/611248.jpg,,,,
2540868,10,10,10,http:/www.midlandindustrial.com/photos/FS6.jpg,,,,
2538265,10,10,10,http:/www.midlandindustrial.com/photos/FS18.jpg,,,,
2537974,10,10,10,http:/www.midlandindustrial.com/photos/611200.jpg,,,,
2538483,10,10,10,http:/www.midlandindustrial.com/photos/96318.jpg,,,,
2538378,10,10,10,http:/www.midlandindustrial.com/photos/88065.jpg,,,,
2538379,10,10,10,http:/www.midlandindustrial.com/photos/88075.jpg,,,,
2538153,10,10,10,http:/www.midlandindustrial.com/photos/840275.jpg,,,,
2538161,10,10,10,http:/www.midlandindustrial.com/photos/840400.jpg,,,,
2538162,10,10,10,http:/www.midlandindustrial.com/photos/840425.jpg,,,,
2538266,10,10,10,http:/www.midlandindustrial.com/photos/FS20.jpg,,,,
2538090,10,10,10,http:/www.midlandindustrial.com/photos/550088.jpg,,,,
2538328,10,10,10,http:/www.midlandindustrial.com/photos/FLJ315.jpg,,,,
2538352,10,10,10,http:/www.midlandindustrial.com/photos/FLJS227.jpg,,,,
2537971,10,10,10,http:/www.midlandindustrial.com/photos/611164.jpg,,,,
2538028,10,10,10,http:/www.midlandindustrial.com/photos/620200.jpg,,,,
2538092,10,10,10,http:/www.midlandindustrial.com/photos/550128.jpg,,,,
2538300,10,10,10,http:/www.midlandindustrial.com/photos/KS16.jpg,,,,
2537980,10,10,10,http:/www.midlandindustrial.com/photos/611332.jpg,,,,
2540918,10,10,10,http:/www.midlandindustrial.com/photos/FS6.jpg,,,,
2538163,10,10,10,http:/www.midlandindustrial.com/photos/840450.jpg,,,,
2538382,10,10,10,http:/www.midlandindustrial.com/photos/89024.jpg,,,,
2540923,10,10,10,http:/www.midlandindustrial.com/photos/FS6.jpg,,,,
2538164,10,10,10,http:/www.midlandindustrial.com/photos/840475.jpg,,,,
2538466,10,10,10,http:/www.midlandindustrial.com/photos/95327.jpg,,,,
2538159,10,10,10,http:/www.midlandindustrial.com/photos/840375.jpg,,,,
2540925,10,10,10,http:/www.midlandindustrial.com/photos/FS6.jpg,,,,
2540942,10,10,10,http:/www.midlandindustrial.com/photos/FS6.jpg,,,,
2538465,10,10,10,http:/www.midlandindustrial.com/photos/95326.jpg,,,,
2539890,10,10,10,http:/www.midlandindustrial.com/photos/550312.jpg,,,,
2538030,10,10,10,http:/www.midlandindustrial.com/photos/620224.jpg,,,,
2538467,10,10,10,http:/www.midlandindustrial.com/photos/95328.jpg,,,,
2540971,10,10,10,http:/www.midlandindustrial.com/photos/FS6.jpg,,,,
2540979,10,10,10,http:/www.midlandindustrial.com/photos/FS6.jpg,,,,
2538469,10,10,10,http:/www.midlandindustrial.com/photos/95330.jpg,,,,
2538093,10,10,10,http:/www.midlandindustrial.com/photos/550152.jpg,,,,
2538299,10,10,10,http:/www.midlandindustrial.com/photos/KS14.jpg,,,,
2538024,10,10,10,http:/www.midlandindustrial.com/photos/620152.jpg,,,,
2538385,10,10,10,http:/www.midlandindustrial.com/photos/89038.jpg,,,,
2538468,10,10,10,http:/www.midlandindustrial.com/photos/95329.jpg,,,,
2538156,10,10,10,http:/www.midlandindustrial.com/photos/840312.jpg,,,,
2538329,10,10,10,http:/www.midlandindustrial.com/photos/FLJ316.jpg,,,,
2538151,10,10,10,http:/www.midlandindustrial.com/photos/840256.jpg,,,,
2538082,10,10,10,http:/www.midlandindustrial.com/photos/500280.jpg,,,,
2540909,10,10,10,http:/www.midlandindustrial.com/photos/FS6.jpg,,,,
2538395,10,10,10,http:/www.midlandindustrial.com/photos/90014.jpg,,,,
2539846,10,10,10,http:/www.midlandindustrial.com/photos/550012.jpg,,,,
2538344,10,10,10,http:/www.midlandindustrial.com/photos/FLJS211.jpg,,,,
2538091,10,10,10,http:/www.midlandindustrial.com/photos/550104.jpg,,,,
2538343,10,10,10,http:/www.midlandindustrial.com/photos/FLJS210.jpg,,,,
2540901,10,10,10,http:/www.midlandindustrial.com/photos/FS6.jpg,,,,
2538165,10,10,10,http:/www.midlandindustrial.com/photos/840500.jpg,,,,
2540890,10,10,10,http:/www.midlandindustrial.com/photos/FS6.jpg,,,,
2538485,10,10,10,http:/www.midlandindustrial.com/photos/96322.jpg,,,,
2539845,10,10,10,http:/www.midlandindustrial.com/photos/550012.jpg,,,,
2538160,10,10,10,http:/www.midlandindustrial.com/photos/840382.jpg,,,,
2538267,10,10,10,http:/www.midlandindustrial.com/photos/FS24.jpg,,,,
2541034,10,10,10,http:/www.midlandindustrial.com/photos/FS6.jpg,,,,
2538484,10,10,10,http:/www.midlandindustrial.com/photos/96320.jpg,,,,
2538167,10,10,10,http:/www.midlandindustrial.com/photos/840550.jpg,,,,
2538253,10,10,10,http:/www.midlandindustrial.com/photos/F32.jpg,,,,
2538301,10,10,10,http:/www.midlandindustrial.com/photos/KS18.jpg,,,,
2538032,10,10,10,http:/www.midlandindustrial.com/photos/620270.jpg,,,,
2538027,10,10,10,http:/www.midlandindustrial.com/photos/620188.jpg,,,,
2538268,10,10,10,http:/www.midlandindustrial.com/photos/FS28.jpg,,,,
2537975,10,10,10,http:/www.midlandindustrial.com/photos/611212.jpg,,,,
2538022,10,10,10,http:/www.midlandindustrial.com/photos/620116.jpg,,,,
2538034,10,10,10,http:/www.midlandindustrial.com/photos/620332.jpg,,,,
2538381,10,10,10,http:/www.midlandindustrial.com/photos/88112.jpg,,,,
2538033,10,10,10,http:/www.midlandindustrial.com/photos/620312.jpg,,,,
2538386,10,10,10,http:/www.midlandindustrial.com/photos/89044.jpg,,,,
2538330,10,10,10,http:/www.midlandindustrial.com/photos/FLJ318.jpg,,,,
2538383,10,10,10,http:/www.midlandindustrial.com/photos/89028.jpg,,,,
2538486,10,10,10,http:/www.midlandindustrial.com/photos/96323.jpg,,,,
2538302,10,10,10,http:/www.midlandindustrial.com/photos/KS20.jpg,,,,
2538396,10,10,10,http:/www.midlandindustrial.com/photos/90017.jpg,,,,
2540919,10,10,10,http:/www.midlandindustrial.com/photos/FS6.jpg,,,,
2538029,10,10,10,http:/www.midlandindustrial.com/photos/620212.jpg,,,,
2538031,10,10,10,http:/www.midlandindustrial.com/photos/620248.jpg,,,,
2538388,10,10,10,http:/www.midlandindustrial.com/photos/89056.jpg,,,,
2538398,10,10,10,http:/www.midlandindustrial.com/photos/90024.jpg,,,,
2540972,10,10,10,http:/www.midlandindustrial.com/photos/FS6.jpg,,,,
2540980,10,10,10,http:/www.midlandindustrial.com/photos/FS6.jpg,,,,
2538345,10,10,10,http:/www.midlandindustrial.com/photos/FLJS212.jpg,,,,
2538331,10,10,10,http:/www.midlandindustrial.com/photos/FLJ319.jpg,,,,
2538303,10,10,10,http:/www.midlandindustrial.com/photos/KS24.jpg,,,,
2538166,10,10,10,http:/www.midlandindustrial.com/photos/840525.jpg,,,,
2540876,10,10,10,http:/www.midlandindustrial.com/photos/FS6.jpg,,,,
2538168,10,10,10,http:/www.midlandindustrial.com/photos/840575.jpg,,,,
2538397,10,10,10,http:/www.midlandindustrial.com/photos/90020.jpg,,,,
2541035,10,10,10,http:/www.midlandindustrial.com/photos/FS6.jpg,,,,
2538387,10,10,10,http:/www.midlandindustrial.com/photos/89050.jpg,,,,
2538403,10,10,10,http:/www.midlandindustrial.com/photos/90050.jpg,,,,
2537978,10,10,10,http:/www.midlandindustrial.com/photos/611270.jpg,,,,
2538169,10,10,10,http:/www.midlandindustrial.com/photos/840600.jpg,,,,
2540902,10,10,10,http:/www.midlandindustrial.com/photos/FS6.jpg,,,,
2538399,10,10,10,http:/www.midlandindustrial.com/photos/90028.jpg,,,,
2538401,10,10,10,http:/www.midlandindustrial.com/photos/90038.jpg,,,,
2538094,10,10,10,http:/www.midlandindustrial.com/photos/550188.jpg,,,,
2537979,10,10,10,http:/www.midlandindustrial.com/photos/611312.jpg,,,,
2538384,10,10,10,http:/www.midlandindustrial.com/photos/89032.jpg,,,,
2538400,10,10,10,http:/www.midlandindustrial.com/photos/90032.jpg,,,,
2538170,10,10,10,http:/www.midlandindustrial.com/photos/840625.jpg,,,,
2538171,10,10,10,http:/www.midlandindustrial.com/photos/840650.jpg,,,,
2540873,10,10,10,http:/www.midlandindustrial.com/photos/FS6.jpg,,,,
2538172,10,10,10,http:/www.midlandindustrial.com/photos/840675.jpg,,,,
2538346,10,10,10,http:/www.midlandindustrial.com/photos/FLJS213.jpg,,,,
2538173,10,10,10,http:/www.midlandindustrial.com/photos/840700.jpg,,,,
2538389,10,10,10,http:/www.midlandindustrial.com/photos/89065.jpg,,,,
2540875,10,10,10,http:/www.midlandindustrial.com/photos/FS6.jpg,,,,
2540928,10,10,10,http:/www.midlandindustrial.com/photos/FS6.jpg,,,,
2538097,10,10,10,http:/www.midlandindustrial.com/photos/550280.jpg,,,,
2540963,10,10,10,http:/www.midlandindustrial.com/photos/FS6.jpg,,,,
2540946,10,10,10,http:/www.midlandindustrial.com/photos/FS6.jpg,,,,
2540973,10,10,10,http:/www.midlandindustrial.com/photos/FS6.jpg,,,,
2540981,10,10,10,http:/www.midlandindustrial.com/photos/FS6.jpg,,,,
2537981,10,10,10,http:/www.midlandindustrial.com/photos/611390.jpg,,,,
2540943,10,10,10,http:/www.midlandindustrial.com/photos/FS6.jpg,,,,
2538175,10,10,10,http:/www.midlandindustrial.com/photos/840800.jpg,,,,
2538096,10,10,10,http:/www.midlandindustrial.com/photos/550248.jpg,,,,
2538405,10,10,10,http:/www.midlandindustrial.com/photos/90065.jpg,,,,
2541036,10,10,10,http:/www.midlandindustrial.com/photos/FS6.jpg,,,,
2538347,10,10,10,http:/www.midlandindustrial.com/photos/FLJS214.jpg,,,,
2540911,10,10,10,http:/www.midlandindustrial.com/photos/FS6.jpg,,,,
2540912,10,10,10,http:/www.midlandindustrial.com/photos/FS6.jpg,,,,
2540910,10,10,10,http:/www.midlandindustrial.com/photos/FS6.jpg,,,,
2538348,10,10,10,http:/www.midlandindustrial.com/photos/FLJS215.jpg,,,,
2540926,10,10,10,http:/www.midlandindustrial.com/photos/FS6.jpg,,,,
2538095,10,10,10,http:/www.midlandindustrial.com/photos/550216.jpg,,,,
2538390,10,10,10,http:/www.midlandindustrial.com/photos/89075.jpg,,,,
2538407,10,10,10,http:/www.midlandindustrial.com/photos/90085.jpg,,,,
2538174,10,10,10,http:/www.midlandindustrial.com/photos/840750.jpg,,,,
2538402,10,10,10,http:/www.midlandindustrial.com/photos/90044.jpg,,,,
2538470,10,10,10,http:/www.midlandindustrial.com/photos/95331.jpg,,,,
2538098,10,10,10,http:/www.midlandindustrial.com/photos/550312.jpg,,,,
2540929,10,10,10,http:/www.midlandindustrial.com/photos/FS6.jpg,,,,
2538271,10,10,10,http:/www.midlandindustrial.com/photos/FS32.jpg,,,,
2538404,10,10,10,http:/www.midlandindustrial.com/photos/90056.jpg,,,,
2540921,10,10,10,http:/www.midlandindustrial.com/photos/FS6.jpg,,,,
2538304,10,10,10,http:/www.midlandindustrial.com/photos/KS28.jpg,,,,
2538406,10,10,10,http:/www.midlandindustrial.com/photos/90075.jpg,,,,
2538307,10,10,10,http:/www.midlandindustrial.com/photos/KS32.jpg,,,,
2540948,10,10,10,http:/www.midlandindustrial.com/photos/FS6.jpg,,,,
2539870,10,10,10,http:/www.midlandindustrial.com/photos/550216.jpg,,,,
2538391,10,10,10,http:/www.midlandindustrial.com/photos/89085.jpg,,,,
2540949,10,10,10,http:/www.midlandindustrial.com/photos/FS6.jpg,,,,
2540952,10,10,10,http:/www.midlandindustrial.com/photos/FS6.jpg,,,,
2538349,10,10,10,http:/www.midlandindustrial.com/photos/FLJS216.jpg,,,,
2538411,10,10,10,http:/www.midlandindustrial.com/photos/90165.jpg,,,,
2538025,10,10,10,http:/www.midlandindustrial.com/photos/620164.jpg,,,,
2538176,10,10,10,http:/www.midlandindustrial.com/photos/840850.jpg,,,,
2540930,10,10,10,http:/www.midlandindustrial.com/photos/FS6.jpg,,,,
2540966,10,10,10,http:/www.midlandindustrial.com/photos/FS6.jpg,,,,
2539871,10,10,10,http:/www.midlandindustrial.com/photos/550216.jpg,,,,
2538177,10,10,10,http:/www.midlandindustrial.com/photos/840888.jpg,,,,
2540947,10,10,10,http:/www.midlandindustrial.com/photos/FS6.jpg,,,,
2539724,10,10,10,http:/www.midlandindustrial.com/photos/500020.jpg,,,,
2538412,10,10,10,http:/www.midlandindustrial.com/photos/90180.jpg,,,,
2538393,10,10,10,http:/www.midlandindustrial.com/photos/89112.jpg,,,,
2538408,10,10,10,http:/www.midlandindustrial.com/photos/90095.jpg,,,,
2538035,10,10,10,http:/www.midlandindustrial.com/photos/620390.jpg,,,,
2540950,10,10,10,http:/www.midlandindustrial.com/photos/FS6.jpg,,,,
2540974,10,10,10,http:/www.midlandindustrial.com/photos/FS6.jpg,,,,
2538392,10,10,10,http:/www.midlandindustrial.com/photos/89095.jpg,,,,
2538410,10,10,10,http:/www.midlandindustrial.com/photos/90138.jpg,,,,
2538413,10,10,10,http:/www.midlandindustrial.com/photos/90205.jpg,,,,
2538350,10,10,10,http:/www.midlandindustrial.com/photos/FLJS218.jpg,,,,
2538414,10,10,10,http:/www.midlandindustrial.com/photos/90231.jpg,,,,
2538351,10,10,10,http:/www.midlandindustrial.com/photos/FLJS219.jpg,,,,
2540878,10,10,10,http:/www.midlandindustrial.com/photos/FS6.jpg,,,,
2540927,10,10,10,http:/www.midlandindustrial.com/photos/FS6.jpg,,,,
2540913,10,10,10,http:/www.midlandindustrial.com/photos/FS6.jpg,,,,
2540904,10,10,10,http:/www.midlandindustrial.com/photos/FS6.jpg,,,,
2540896,10,10,10,http:/www.midlandindustrial.com/photos/FS6.jpg,,,,
2538415,10,10,10,http:/www.midlandindustrial.com/photos/90256.jpg,,,,
2540953,10,10,10,http:/www.midlandindustrial.com/photos/FS6.jpg,,,,
2540951,10,10,10,http:/www.midlandindustrial.com/photos/FS6.jpg,,,,
2541031,10,10,10,http:/www.midlandindustrial.com/photos/FS6.jpg,,,,
2538416,10,10,10,http:/www.midlandindustrial.com/photos/90282.jpg,,,,
2538417,5,5,5,http:/www.midlandindustrial.com/photos/90307.jpg,,,,
2540954,5,5,5,http:/www.midlandindustrial.com/photos/FS6.jpg,,,,
2540932,5,5,5,http:/www.midlandindustrial.com/photos/FS6.jpg,,,,
2538394,5,5,5,http:/www.midlandindustrial.com/photos/89138.jpg,,,,
2540967,5,5,5,http:/www.midlandindustrial.com/photos/FS6.jpg,,,,
2540881,5,5,5,http:/www.midlandindustrial.com/photos/FS6.jpg,,,,
2541032,5,5,5,http:/www.midlandindustrial.com/photos/FS6.jpg,,,,
2538409,5,5,5,http:/www.midlandindustrial.com/photos/90112.jpg,,,,
2540933,5,5,5,http:/www.midlandindustrial.com/photos/FS6.jpg,,,,
2540975,5,5,5,http:/www.midlandindustrial.com/photos/FS6.jpg,,,,
2540905,5,5,5,http:/www.midlandindustrial.com/photos/FS6.jpg,,,,
2540897,5,5,5,http:/www.midlandindustrial.com/photos/FS6.jpg,,,,
2539850,5,5,5,http:/www.midlandindustrial.com/photos/550020.jpg,,,,
2540877,5,5,5,http:/www.midlandindustrial.com/photos/FS6.jpg,,,,
2540956,5,5,5,http:/www.midlandindustrial.com/photos/FS6.jpg,,,,
2540914,5,5,5,http:/www.midlandindustrial.com/photos/FS6.jpg,,,,
2540955,5,5,5,http:/www.midlandindustrial.com/photos/FS6.jpg,,,,
2540936,5,5,5,http:/www.midlandindustrial.com/photos/FS6.jpg,,,,
2539723,5,5,5,http:/www.midlandindustrial.com/photos/500020.jpg,,,,
2541033,5,5,5,http:/www.midlandindustrial.com/photos/FS6.jpg,,,,
2540903,5,5,5,http:/www.midlandindustrial.com/photos/FS6.jpg,,,,
2540879,5,5,5,http:/www.midlandindustrial.com/photos/FS6.jpg,,,,
2540931,5,5,5,http:/www.midlandindustrial.com/photos/FS6.jpg,,,,
2540935,5,5,5,http:/www.midlandindustrial.com/photos/FS6.jpg,,,,
2539872,5,5,5,http:/www.midlandindustrial.com/photos/550216.jpg,,,,
2540968,5,5,5,http:/www.midlandindustrial.com/photos/FS6.jpg,,,,
2540976,5,5,5,http:/www.midlandindustrial.com/photos/FS6.jpg,,,,
2540892,5,5,5,http:/www.midlandindustrial.com/photos/FS6.jpg,,,,
2539881,5,5,5,http:/www.midlandindustrial.com/photos/550248.jpg,,,,
2540898,5,5,5,http:/www.midlandindustrial.com/photos/FS6.jpg,,,,
2540920,5,5,5,http:/www.midlandindustrial.com/photos/FS6.jpg,,,,
2540906,5,5,5,http:/www.midlandindustrial.com/photos/FS6.jpg,,,,
2540934,5,5,5,http:/www.midlandindustrial.com/photos/FS6.jpg,,,,
2540937,5,5,5,http:/www.midlandindustrial.com/photos/FS6.jpg,,,,
2540915,5,5,5,http:/www.midlandindustrial.com/photos/FS6.jpg,,,,
2540957,5,5,5,http:/www.midlandindustrial.com/photos/FS6.jpg,,,,
2540907,5,5,5,http:/www.midlandindustrial.com/photos/FS6.jpg,,,,
2540969,5,5,5,http:/www.midlandindustrial.com/photos/FS6.jpg,,,,
2540977,5,5,5,http:/www.midlandindustrial.com/photos/FS6.jpg,,,,
2540899,5,5,5,http:/www.midlandindustrial.com/photos/FS6.jpg,,,,
2540891,5,5,5,http:/www.midlandindustrial.com/photos/FS6.jpg,,,,
2540916,5,5,5,http:/www.midlandindustrial.com/photos/FS6.jpg,,,,
2540922,1,1,1,http:/www.midlandindustrial.com/photos/FS6.jpg,,,,
2540900,1,1,1,http:/www.midlandindustrial.com/photos/FS6.jpg,,,,
2540978,1,1,1,http:/www.midlandindustrial.com/photos/FS6.jpg,,,,
2540970,1,1,1,http:/www.midlandindustrial.com/photos/FS6.jpg,,,,
2538365,1,1,1,http:/www.midlandindustrial.com/photos/SG3750.jpg,,,,
2540908,1,1,1,http:/www.midlandindustrial.com/photos/FS6.jpg,,,,
2538366,1,1,1,http:/www.midlandindustrial.com/photos/SG5000.jpg,,,,
2540880,1,1,1,http:/www.midlandindustrial.com/photos/FS6.jpg,,,,
2538367,1,1,1,http:/www.midlandindustrial.com/photos/SG6250.jpg,,,,
2538362,1,1,1,http:/www.midlandindustrial.com/photos/F3.jpg,,,,
2538368,1,1,1,http:/www.midlandindustrial.com/photos/SG7500.jpg,,,,
2538369,1,1,1,http:/www.midlandindustrial.com/photos/SS3751.jpg,,,,
2538215,1,1,1,,,,,
2538216,1,1,1,http:/www.midlandindustrial.com/photos/1410118.jpg,,,,
2538370,1,1,1,http:/www.midlandindustrial.com/photos/SS5001.jpg,,,,
2538363,1,1,1,http:/www.midlandindustrial.com/photos/F4.jpg,,,,
2538371,1,1,1,http:/www.midlandindustrial.com/photos/SS6251.jpg,,,,
2538372,1,1,1,http:/www.midlandindustrial.com/photos/SS7501.jpg,,,,
2538361,1,1,1,http:/www.midlandindustrial.com/photos/F10.jpg,,,,
