id,supplier_id,brand_id,list_price,cost,description,category_id,catalog_number,weight,condition,is_obsolete,ship_time,freight_class
2929727,9,9,109.11,43.64,Climax 2CC-143-143 1 7/16 x1 7/16 ID Steel 2 Pc Black oxide,154,2CC-143-143,3.0625,1,FALSE,24,50
2929728,9,9,134.98,53.99,Climax 2CC-143-143-KW 1 7/16x1 7/16 ID Steel 2 Pc W/ KW BLACK OXIDE,154,2CC-143-143-KW,3.0625,1,FALSE,24,50
2929729,9,9,231.4,92.56,Climax 2CC-193-193-KW 1-15/16 x 1-15/16 ID Steel 2Pc Split Recessed Screws 1/2^KW,154,2CC-193-193-KW,6.125,1,FALSE,24,50
2929730,9,9,133.42,53.37,Climax 2ISCC-143-143 1 7/16^ X 1 7/16^ 2PC Clamp Coupling STL BO,154,2ISCC-143-143,2.982185,1,FALSE,24,50
2929731,9,9,170.25,68.1,Climax 2ISCC-143-143KW 1 7/16x1 7/16 ID Steel Special 2 PC SPLIT W/3/8^ KEYWAY,154,2ISCC-143-143KW,3.9531,1,FALSE,24,50
2929732,9,9,396.06,158.42,Climax 2ISCC-143-143-S 1 7/16^ X 1 7/16^ 2PC Clamp Coupling SS,154,2ISCC-143-143-S,2.965246,1,FALSE,24,50
2929733,9,9,471.32,188.53,Climax 2ISCC143-143SKW 3/16^ X 3/16^ 2PC KW Clamp Coupling SS,154,2ISCC143-143SKW,,1,FALSE,24,50
2929734,9,9,188.35,75.34,Climax 2ISCC-193-193 15/16^ X 15/16^ 2PC Clamp Coupling STL BO,154,2ISCC-193-193,6.605264,1,FALSE,24,50
2929735,9,9,231.29,92.52,Climax 2ISCC-193-193KW 1-15/16^ X 1-15/16^ 2PC KW Clamp Coupling STL BO,154,2ISCC-193-193KW,0,1,FALSE,24,50
2929736,9,9,469.9,187.96,Climax 2ISCC-193-193-S 15/16^ X 15/16/16^ 2PC Clamp Coupling SS,154,2ISCC-193-193-S,6.567744,1,FALSE,24,50
2929737,9,9,567.6,227.04,Climax 2ISCC193-193SKW 15/16^ X 15/16/16^ 2PC KW Clamp Coupling SS,154,2ISCC193-193SKW,,1,FALSE,24,50
2929738,9,9,73.9,31.04,Climax C801E-062 C801-Series 5/8 inch C801-Series 5/8 inch,116,C801E-062,0,1,FALSE,24,50
2929739,9,9,73.9,31.04,Climax C801E-068 C801-Series 11/16 inch C801-Series 11/16 inch,116,C801E-068,0,1,FALSE,24,50
2929740,9,9,73.9,31.04,Climax C801E-075 C801-Series 3/4 inch C801-Series 3/4 inch,116,C801E-075,0,1,FALSE,24,50
2929741,9,9,89.14,37.44,Climax C801E-081 C801-Series 13/16 inch C801-Series 13/16 inch,116,C801E-081,0,1,FALSE,24,50
2929742,9,9,89.14,37.44,Climax C801E-087 C801-Series 7/8 inch C801-Series 7/8 inch,116,C801E-087,0,1,FALSE,24,50
2929743,9,9,89.14,37.44,Climax C801E-093 C801-Series 15/16 inch C801-Series 15/16 inch,116,C801E-093,0,1,FALSE,24,50
2929744,9,9,89.14,37.44,Climax C801E-100 C801-Series 1 inch C801-Series 1 inch,116,C801E-100,0,1,FALSE,24,50
2929745,9,9,115.05,48.32,Climax C801E-106 C801-Series 1-1/16 inch C801-Series 1-1/16 inch,116,C801E-106,0,1,FALSE,24,50
2929746,9,9,115.05,48.32,Climax C801E-118 C801-Series 1-3/16 inch C801-Series 1-3/16 inch,116,C801E-118,0,1,FALSE,24,50
2929747,9,9,115.05,48.32,Climax C801E-125 C801-Series 1-1/4 inch C801-Series 1-1/4 inch,116,C801E-125,0,1,FALSE,24,50
2929748,9,9,141.71,59.52,Climax C801E-131 C801-Series 1-5/16 inch C801-Series 1-5/16 inch,116,C801E-131,0,1,FALSE,24,50
2929749,9,9,141.71,59.52,Climax C801E-137 C801-Series 1-3/8 inch C801-Series 1-3/8 inch,116,C801E-137,0,1,FALSE,24,50
2929750,9,9,141.71,59.52,Climax C801E-143 C801-Series 1-7/16 inch C801-Series 1-7/16 inch,116,C801E-143,0,1,FALSE,24,50
2929751,9,9,141.71,59.52,Climax C801E-150 C801-Series 1-1/2 inch C801-Series 1-1/2 inch,116,C801E-150,0,1,FALSE,24,50
2929752,9,9,176,73.92,Climax C801E-156 C801-Series 1-9/16 inch C801-Series 1-9/16 inch,116,C801E-156,0,1,FALSE,24,50
2929753,9,9,176,73.92,Climax C801E-162 C801-Series 1-5/8 inch C801-Series 1-5/8 inch,116,C801E-162,0,1,FALSE,24,50
2929754,9,9,176,73.92,Climax C801E-168 C801-Series 1-11/16 inch C801-Series 1-11/16 inch,116,C801E-168,0,1,FALSE,24,50
2929755,9,9,176,73.92,Climax C801E-175 C801-Series 1-3/4 inch C801-Series 1-3/4 inch,116,C801E-175,0,1,FALSE,24,50
2929756,9,9,217.14,91.2,Climax C801E-181 C801-Series 1-13/16 inch C801-Series 1-13/16 inch,116,C801E-181,0,1,FALSE,24,50
2929757,9,9,217.14,91.2,Climax C801E-187 C801-Series 1-7/8 inch C801-Series 1-7/8 inch,116,C801E-187,0,1,FALSE,24,50
2929758,9,9,217.14,91.2,Climax C801E-193 C801-Series 1-15/16 inch C801-Series 1-15/16 inch,116,C801E-193,0,1,FALSE,24,50
2929759,9,9,217.14,91.2,Climax C801E-200 C801-Series 2 inch C801-Series 2 inch,116,C801E-200,0,1,FALSE,24,50
2929760,9,9,73.9,31.04,Climax C801M-015 C801-Series 15 millimeter C801-Series 15 millimeter,116,C801M-015,0,1,FALSE,24,50
2929761,9,9,73.9,31.04,Climax C801M-016 C801-Series 16 millimeter C801-Series 16 millimeter,116,C801M-016,0,1,FALSE,24,50
2929762,9,9,73.9,31.04,Climax C801M-017 C801-Series 17 millimeter C801-Series 17 millimeter,116,C801M-017,0,1,FALSE,24,50
2929763,9,9,73.9,31.04,Climax C801M-018 C801-Series 18 millimeter C801-Series 18 millimeter,116,C801M-018,0,1,FALSE,24,50
2929764,9,9,73.9,31.04,Climax C801M-019 C801-Series 19 millimeter C801-Series 19 millimeter,116,C801M-019,0,1,FALSE,24,50
2929765,9,9,89.14,37.44,Climax C801M-020 C801-Series 20 millimeter C801-Series 20 millimeter,116,C801M-020,0,1,FALSE,24,50
2929766,9,9,89.14,37.44,Climax C801M-022 C801-Series 22 millimeter C801-Series 22 millimeter,116,C801M-022,0,1,FALSE,24,50
2929767,9,9,89.14,37.44,Climax C801M-024 C801-Series 24 millimeter C801-Series 24 millimeter,116,C801M-024,0,1,FALSE,24,50
2929768,9,9,89.14,37.44,Climax C801M-025 C801-Series 25 millimeter C801-Series 25 millimeter,116,C801M-025,0,1,FALSE,24,50
2929769,9,9,115.05,48.32,Climax C801M-028 C801-Series 28 millimeter C801-Series 28 millimeter,116,C801M-028,0,1,FALSE,24,50
2929770,9,9,115.05,48.32,Climax C801M-030 C801-Series 30 millimeter C801-Series 30 millimeter,116,C801M-030,0,1,FALSE,24,50
2929771,9,9,115.05,48.32,Climax C801M-032 C801-Series 32 millimeter C801-Series 32 millimeter,116,C801M-032,0,1,FALSE,24,50
2929772,9,9,141.71,59.52,Climax C801M-034 C801-Series 34 millimeter C801-Series 34 millimeter,116,C801M-034,0,1,FALSE,24,50
2929773,9,9,141.71,59.52,Climax C801M-035 C801-Series 35 millimeter C801-Series 35 millimeter,116,C801M-035,0,1,FALSE,24,50
2929774,9,9,141.71,59.52,Climax C801M-036 C801-Series 36 millimeter C801-Series 36 millimeter,116,C801M-036,0,1,FALSE,24,50
2929775,9,9,141.71,59.52,Climax C801M-038 C801-Series 38 millimeter C801-Series 38 millimeter,116,C801M-038,0,1,FALSE,24,50
2929776,9,9,176,73.92,Climax C801M-040 C801-Series 40 millimeter C801-Series 40 millimeter,116,C801M-040,0,1,FALSE,24,50
2929777,9,9,176,73.92,Climax C801M-042 C801-Series 42 millimeter C801-Series 42 millimeter,116,C801M-042,0,1,FALSE,24,50
2929778,9,9,217.14,91.2,Climax C801M-045 C801-Series 45 millimeter C801-Series 45 millimeter,116,C801M-045,0,1,FALSE,24,50
2929779,9,9,217.14,91.2,Climax C801M-048 C801-Series 48 millimeter C801-Series 48 millimeter,116,C801M-048,0,1,FALSE,24,50
2929780,9,9,217.14,91.2,Climax C801M-050 C801-Series 50 millimeter C801-Series 50 millimeter,116,C801M-050,0,1,FALSE,24,50
2929781,9,9,77.91,31.16,Climax CC-143-143 1 7/16^ x 1 7/16^ ID SPLIT Recessed Screw Coup STL BO,152,CC-143-143,2.6125,1,FALSE,24,50
2929782,9,9,93.5,37.4,Climax CC-143-143-KW 1 7/16^x1 7/16^ ID Steel Cplg 1 PC SPLIT W/KEYWAY,152,CC-143-143-KW,2.9081,1,FALSE,24,50
2929783,9,9,161.05,64.42,Climax CC-193-193 1 15/16^X 1 15/16^ ID SPLIT Recessed Screw Coup STL BO,152,CC-193-193,6.6875,1,FALSE,24,50
2929784,9,9,207.06,82.82,Climax CC-193-193-KW 1 15/16^ X 1 15/16^ ID SPLIT K Recessed Screw Coup STL BO,152,CC-193-193-KW,6.669018,1,FALSE,24,50
2929785,9,9,2.81,1.18,Climax G1SC-025-A 1/4^ ID SPLIT Clamp Collar AL,115,G1SC-025-A,0.0081,1,FALSE,24,50
2929786,9,9,3.4,1.43,Climax G1SC-031-A 5/16^ ID SPLIT Clamp Collar AL,115,G1SC-031-A,0.0075,1,FALSE,24,50
2929787,9,9,3.29,1.38,Climax G1SC-037-A 3/8^ ID SPLIT Clamp Collar AL,115,G1SC-037-A,0.0169,1,FALSE,24,50
2929788,9,9,3.9,1.64,Climax G1SC-050-A 1/2^ ID SPLIT Clamp Collar AL,115,G1SC-050-A,0.0275,1,FALSE,24,50
2929789,9,9,3.98,1.67,Climax G1SC-062-A 5/8^ ID SPLIT Clamp Collar AL,115,G1SC-062-A,0.0375,1,FALSE,24,50
2929790,9,9,2.62,1.1,Climax G1SC-068-B 11/16^ ID SPLIT Clamp Collar STL BO,115,G1SC-068-B,0.1813,1,FALSE,24,50
2929791,9,9,7.95,3.34,Climax G1SC-068-SS 11/16^ ID SPLIT Clamp Collar SS,115,G1SC-068-SS,0.1812,1,FALSE,24,50
2929792,9,9,5.4,2.27,Climax G1SC-075-A 3/4^ ID SPLIT Clamp Collar AL,115,G1SC-075-A,0.0562,1,FALSE,24,50
2929793,9,9,3.17,1.33,Climax G1SC-081-B 13/16^ ID SPLIT Clamp Collar STL BO,115,G1SC-081-B,0.2,1,FALSE,24,50
2929794,9,9,11.81,4.96,Climax G1SC-081-SS 13/16^ ID SPLIT Clamp Collar SS,115,G1SC-081-SS,0.185,1,FALSE,24,50
2929795,9,9,7.14,3,Climax G1SC-087-A 7/8^ ID SPLIT Clamp Collar AL,115,G1SC-087-A,0.0619,1,FALSE,24,50
2929796,9,9,7.4,3.11,Climax G1SC-100-A 1^ ID SPLIT Clamp Collar AL,115,G1SC-100-A,0.0688,1,FALSE,24,50
2929797,9,9,3.67,1.54,Climax G1SC-106-B 1 1/16^ ID SPLIT Clamp Collar STL BO,115,G1SC-106-B,0.2438,1,FALSE,24,50
2929798,9,9,12.55,5.27,Climax G1SC-106-SS 1 1/16^ ID SPLIT Clamp Collar SS,115,G1SC-106-SS,0.1938,1,FALSE,24,50
2929799,9,9,8.33,3.5,Climax G1SC-112-A 1 1/8^ ID SPLIT Clamp Collar AL,115,G1SC-112-A,0.2269,1,FALSE,24,50
2929800,9,9,8.17,3.43,Climax G1SC-125-A 1 1/4^ ID SPLIT Clamp Collar AL,115,G1SC-125-A,0.275,1,FALSE,24,50
2929801,9,9,4.6,1.93,Climax G1SC-131-B 1 5/16^ ID SPLIT Clamp Collar STL BO,115,G1SC-131-B,0.3869,1,FALSE,24,50
2929802,9,9,16.79,7.05,Climax G1SC-131-SS 1 5/16^ ID SPLIT Clamp Collar SS,115,G1SC-131-SS,0.1938,1,FALSE,24,50
2929803,9,9,13.6,5.71,Climax G1SC-150-A 1 1/2^ ID SPLIT Clamp Collar AL,115,G1SC-150-A,0.1312,1,FALSE,24,50
2929804,9,9,5.86,2.46,Climax G1SC-156-B 1 9/16^ ID SPLIT Clamp Collar STL BO,115,G1SC-156-B,0.3688,1,FALSE,24,50
2929805,9,9,22.07,9.27,Climax G1SC-156-SS 1 9/16^ ID SPLIT Clamp Collar SS,115,G1SC-156-SS,0.1938,1,FALSE,24,50
2929806,9,9,16.36,6.87,Climax G1SC-175-A 1 3/4^ ID SPLIT Clamp Collar AL,115,G1SC-175-A,0.2125,1,FALSE,24,50
2929807,9,9,9.9,4.16,Climax G1SC-181-B 1 13/16^ ID SPLIT Clamp Collar STL BO,115,G1SC-181-B,0.6375,1,FALSE,24,50
2929808,9,9,39.48,16.58,Climax G1SC-181-SS 1 13/16^ ID SPLIT Clamp Collar SS,115,G1SC-181-SS,0.1938,1,FALSE,24,50
2929809,9,9,21,8.82,Climax G1SC-187-A 1 7/8^ ID SPLIT Clamp Collar AL,115,G1SC-187-A,0.225,1,FALSE,24,50
2929810,9,9,21.19,8.9,Climax G1SC-193-A 1 15/16^ SPLIT Clamp Collar AL,115,G1SC-193-A,0.75,1,FALSE,24,50
2929811,9,9,21.52,9.04,Climax G1SC-200-A 2^ ID SPLIT Clamp Collar AL,115,G1SC-200-A,0.2438,1,FALSE,24,50
2929812,9,9,11.64,4.89,Climax G1SC-206-B 2 1/16^ ID SPLIT Clamp Collar STL BO,115,G1SC-206-B,0.725,1,FALSE,24,50
2929813,9,9,13.43,5.64,Climax G1SC-212-B 2 1/8^ ID SPLIT Clamp Collar STL BO,115,G1SC-212-B,0.9375,1,FALSE,24,50
2929814,9,9,46.14,19.38,Climax G1SC-212-SS 2 1/8^ ID SPLIT Clamp Collar SS,115,G1SC-212-SS,0.725,1,FALSE,24,50
2929815,9,9,14.07,5.91,Climax G1SC-231-B 2 5/16^ ID SPLIT Clamp Collar STL BO,115,G1SC-231-B,0.8538,1,FALSE,24,50
2929816,9,9,32.67,13.72,Climax G1SC-250-A 2 1/2^ ID SPLIT Clamp Collar AL,115,G1SC-250-A,1.4438,1,FALSE,24,50
2929817,9,9,22.07,9.27,Climax G1SC-256-B 2 9/16^ ID SPLIT Clamp Collar STL BO,115,G1SC-256-B,1.4438,1,FALSE,24,50
2929818,9,9,21.79,9.15,Climax G1SC-268-B 2 11/16^ ID SPLIT Clamp Collar STL BO,115,G1SC-268-B,1.6125,1,FALSE,24,50
2929819,9,9,21.9,9.2,Climax G1SC-281-B 2 13/16^ ID SPLIT Clamp Collar STL BO,115,G1SC-281-B,1.825,1,FALSE,24,50
2929820,9,9,30.62,12.86,Climax G1SC-318-B 3 3/16^ ID SPLIT Clamp Collar STL BO,115,G1SC-318-B,1.825,1,FALSE,24,50
2929821,9,9,30.81,12.94,Climax G1SC-325-B 3 1/4^ ID SPLIT Clamp Collar STL BO,115,G1SC-325-B,1.825,1,FALSE,24,50
2929822,9,9,32.9,13.82,Climax G1SC-343-B 3 7/16^ ID SPLIT Clamp Collar STL BO,115,G1SC-343-B,1.825,1,FALSE,24,50
2929823,9,9,35.69,14.99,Climax G1SC-350-B 3 1/2^ ID SPLIT Clamp Collar STL BO,115,G1SC-350-B,1.825,1,FALSE,24,50
2929824,9,9,43.24,18.16,Climax G1SC-393-B 3 15/16^ ID SPLIT Clamp Collar STL BO,115,G1SC-393-B,1.825,1,FALSE,24,50
2929825,9,9,57.67,24.22,Climax G1SC-400-B 3^ ID SPLIT Clamp Collar STL BO,115,G1SC-400-B,0.0206,1,FALSE,24,50
2929826,9,9,36.64,15.39,Climax G2MSCC-06-06 6mm x 6mm ID 2PC Metric Clamp Coupling STL BO,154,G2MSCC-06-06,0.0938,1,FALSE,24,50
2929827,9,9,64.86,27.24,Climax G2MSCC-06-06-S 6mm x 6mm ID 2PC Metric Clamp Coupling SS,154,G2MSCC-06-06-S,0.093267,1,FALSE,24,50
2929828,9,9,42.5,17.85,Climax G2MSCC-08-08 8mm x 8mm ID 2PC Metric Clamp Coupling STL BO,154,G2MSCC-08-08,0.1688,1,FALSE,24,50
2929829,9,9,68.83,28.91,Climax G2MSCC-08-08-S 8mm x 8mm ID 2PC Metric Clamp Coupling SS,154,G2MSCC-08-08-S,0.167841,1,FALSE,24,50
2929830,9,9,43.55,18.29,Climax G2MSCC-09-09 9mm x 9mm ID 2PC Metric Clamp Coupling STL BO,154,G2MSCC-09-09,0.1688,1,FALSE,24,50
2929831,9,9,69.6,29.23,Climax G2MSCC-09-09-S 9mmx9mm ID 2PC Metric Clamp Coupling SS,154,G2MSCC-09-09-S,0.167841,1,FALSE,24,50
2929832,9,9,47.69,20.03,Climax G2MSCC-10-10 10mm x 10mm ID 2PC Metric Clamp Coupling STL BO,154,G2MSCC-10-10,0.3125,1,FALSE,24,50
2929833,9,9,83.21,34.95,Climax G2MSCC-10-10-S 10mm x 10mm ID 2PC Metric Clamp Coupling SS,154,G2MSCC-10-10-S,0.310724,1,FALSE,24,50
2929834,9,9,48.29,20.28,Climax G2MSCC-12-12 12mm x 12mm ID 2PC Metric Clamp Coupling STL BO,154,G2MSCC-12-12,0.4062,1,FALSE,24,50
2929835,9,9,59.81,25.12,Climax G2MSCC-12-12-KW 12mm x 12mm ID 2PC KW Metric Clamp Coupling STL BO,154,G2MSCC-12-12-KW,0.402591,1,FALSE,24,50
2929836,9,9,84.14,35.34,Climax G2MSCC-12-12-S 12mm x 12mm ID 2PC Metric Clamp Coupling SS,154,G2MSCC-12-12-S,0.403892,1,FALSE,24,50
2929837,9,9,106.71,44.82,Climax G2MSCC-12-12SKW 12mm x 12mm ID 2PC KW Metric Clamp Coupling SS,154,G2MSCC-12-12SKW,0.400304,1,FALSE,24,50
2929838,9,9,54.67,22.96,Climax G2MSCC-14-14 14mm x 14mm ID 2PC Metric Clamp Coupling STL BO,154,G2MSCC-14-14,0.5375,1,FALSE,24,50
2929839,9,9,67.31,28.27,Climax G2MSCC-14-14-KW 14mm x 14mm ID 2PC KW Metric Clamp Coupling STL BO,154,G2MSCC-14-14-KW,0.532725,1,FALSE,24,50
2929840,9,9,110.38,46.36,Climax G2MSCC-14-14-S 14mm x 14mm ID 2PC Metric Clamp Coupling SS,154,G2MSCC-14-14-S,0.534446,1,FALSE,24,50
2929841,9,9,143.55,60.29,Climax G2MSCC-14-14SKW 14mm x 14mm ID 2PC KW Metric Clamp Coupling SS,154,G2MSCC-14-14SKW,0.529699,1,FALSE,24,50
2929842,9,9,55.33,23.24,Climax G2MSCC-15-15 15mm x 15mm ID 2PC Metric Clamp Coupling STL BO,154,G2MSCC-15-15,0.5625,1,FALSE,24,50
2929843,9,9,68.14,28.62,Climax G2MSCC-15-15-KW 15mm x 15mm ID 2PC KW Metric Clamp Coupling STL BO,154,G2MSCC-15-15-KW,0.5595,1,FALSE,24,50
2929844,9,9,111.6,46.87,Climax G2MSCC-15-15-S 15mm x 15mm ID 2PC Metric Clamp Coupling SS,154,G2MSCC-15-15-S,0.559304,1,FALSE,24,50
2929845,9,9,145.12,60.95,Climax G2MSCC-15-15SKW 15mm x 15mm ID 2PC KW Metric Clamp Coupling SS,154,G2MSCC-15-15SKW,0.556321,1,FALSE,24,50
2929846,9,9,56.02,23.53,Climax G2MSCC-16-16 16mm x 16mm ID 2PC Metric Clamp Coupling STL BO,154,G2MSCC-16-16,0.5125,1,FALSE,24,50
2929847,9,9,69,28.98,Climax G2MSCC-16-16-KW 16mm x 16mm ID 2PC KW Metric Clamp Coupling STL BO,154,G2MSCC-16-16-KW,0.509766,1,FALSE,24,50
2929848,9,9,112.83,47.39,Climax G2MSCC-16-16-S 16mm x 16mm ID 2PC Metric Clamp Coupling SS,154,G2MSCC-16-16-S,0.509588,1,FALSE,24,50
2929849,9,9,146.71,61.62,Climax G2MSCC-16-16SKW 16mm x 16mm ID 2PC KW Metric Clamp Coupling SS,154,G2MSCC-16-16SKW,0.506871,1,FALSE,24,50
2929850,9,9,63.14,26.52,Climax G2MSCC-20-20 20mm x 20mm ID 2PC Metric Clamp Coupling STL BO,154,G2MSCC-20-20,1.1,1,FALSE,24,50
2929851,9,9,69.48,29.18,Climax G2MSCC-20-20-KW 20mm X 20mm ID 2PC KW Metric Clamp Coupling STL BO,154,G2MSCC-20-20-KW,1.091876,1,FALSE,24,50
2929852,9,9,151.55,63.65,Climax G2MSCC-20-20-S 20mm x 20mm ID 2PC Metric Clamp Coupling SS,154,G2MSCC-20-20-S,1.093751,1,FALSE,24,50
2929853,9,9,202.36,84.99,Climax G2MSCC-20-20SKW 20mm X 20mm ID 2PC KW Metric Clamp Coupling SS,154,G2MSCC-20-20SKW,1.085674,1,FALSE,24,50
2929854,9,9,66.74,28.03,Climax G2MSCC-25-25 25mm X 25mm ID 2PC Metric Clamp Coupling STL BO,154,G2MSCC-25-25,1.3688,1,FALSE,24,50
2929855,9,9,84.57,35.52,Climax G2MSCC-25-25-KW 25mm X 25mm ID 2PC KW Metric Clamp Coupling STL BO,154,G2MSCC-25-25-KW,1.359618,1,FALSE,24,50
2929856,9,9,201.81,84.76,Climax G2MSCC-25-25-S 25mm X 25mm ID 2PC Metric Clamp Coupling SS,154,G2MSCC-25-25-S,1.361024,1,FALSE,24,50
2929857,9,9,216.36,90.87,Climax G2MSCC-25-25SKW 25mm X 25mm ID 2PC KW Metric Clamp Coupling SS,154,G2MSCC-25-25SKW,1.351895,1,FALSE,24,50
2929858,9,9,99.17,41.65,Climax G2MSCC-30-30 30mm X 30mm ID 2PC Metric Clamp Coupling STL BO,154,G2MSCC-30-30,2.225,1,FALSE,24,50
2929859,9,9,116.57,48.96,Climax G2MSCC-30-30-KW 30mm X 30mm ID 2PC KW Metric Clamp Coupling STL BO,154,G2MSCC-30-30-KW,2.210074,1,FALSE,24,50
2929860,9,9,236.1,99.16,Climax G2MSCC-30-30-S 30mm X 30mm ID 2PC Metric Clamp Coupling SS,154,G2MSCC-30-30-S,2.212361,1,FALSE,24,50
2929861,9,9,304.95,128.08,Climax G2MSCC-30-30SKW 30mm X 30mm ID 2PC KW Metric Clamp Coupling SS,154,G2MSCC-30-30SKW,2.197521,1,FALSE,24,50
2929862,9,9,102.6,43.09,Climax G2MSCC-35-35 35mm X 35mm ID 2PC Metric Clamp Coupling STL BO,154,G2MSCC-35-35,2.4,1,FALSE,24,50
2929863,9,9,122.14,51.3,Climax G2MSCC-35-35-KW 35mm X 35mm ID 2PC KW Metric Clamp Coupling STL BO,154,G2MSCC-35-35-KW,2.388172,1,FALSE,24,50
2929864,9,9,332.98,139.85,Climax G2MSCC-35-35-S 35mm X 35mm ID 2PC Metric Clamp Coupling SS,154,G2MSCC-35-35-S,2.386367,1,FALSE,24,50
2929865,9,9,413.31,173.59,Climax G2MSCC-35-35SKW 35mm X 35mm ID 2PC KW Metric Clamp Coupling SS,154,G2MSCC-35-35SKW,2.374607,1,FALSE,24,50
2929866,9,9,184.64,77.55,Climax G2MSCC-40-40 40mm X 40mm ID 2PC Metric Clamp Coupling STL BO,154,G2MSCC-40-40,5.5625,1,FALSE,24,50
2929867,9,9,192.5,80.85,Climax G2MSCC-40-40-KW 40mm X 40mm ID 2PC KW Metric Clamp Coupling STL BO,154,G2MSCC-40-40-KW,5.54341,1,FALSE,24,50
2929868,9,9,615.98,258.71,Climax G2MSCC-40-40-S 40mm X 40mm ID 2PC Metric Clamp Coupling SS,154,G2MSCC-40-40-S,5.530903,1,FALSE,24,50
2929869,9,9,622.83,261.59,Climax G2MSCC-40-40SKW 40mm X 40mm ID 2PC KW Metric Clamp Coupling SS,154,G2MSCC-40-40SKW,5.511922,1,FALSE,24,50
2929870,9,9,195.17,81.97,Climax G2MSCC-50-50 50mm X 50mm ID 2PC Metric Clamp Coupling STL BO,154,G2MSCC-50-50,6.875,1,FALSE,24,50
2929871,9,9,222.57,93.48,Climax G2MSCC-50-50-KW 50mm X 50mm ID 2PC KW Metric Clamp Coupling STL BO,154,G2MSCC-50-50-KW,6.856,1,FALSE,24,50
2929872,9,9,6.21,2.61,Climax G2SC-025-A 1/4^ ID 2PC Clamp Collar AL,117,G2SC-025-A,0.0244,1,FALSE,24,50
2929873,9,9,6.43,2.7,Climax G2SC-031-A 5/16^ ID 2PC Clamp Collar AL,117,G2SC-031-A,0.0212,1,FALSE,24,50
2929874,9,9,7.07,2.97,Climax G2SC-037-A 3/8^ ID 2PC Clamp Collar AL,117,G2SC-037-A,0.015282,1,FALSE,24,50
2929875,9,9,7.45,3.13,Climax G2SC-050-A 1/2^ ID 2PC Clamp Collar AL,117,G2SC-050-A,0.0262,1,FALSE,24,50
2929876,9,9,8.1,3.4,Climax G2SC-062-A 5/8^ ID 2PC Clamp Collar AL,117,G2SC-062-A,0.0375,1,FALSE,24,50
2929877,9,9,3.79,1.59,Climax G2SC-068-B 11/16^ ID 2PC Clamp Collar STL BO,117,G2SC-068-B,0.175,1,FALSE,24,50
2929878,9,9,12.31,5.17,Climax G2SC-068-SS 11/16^ ID Stainless Split Clamp Collar SS,117,G2SC-068-SS,0.175,1,FALSE,24,50
2929879,9,9,8.52,3.58,Climax G2SC-075-A 3/4^ ID 2PC Clamp Collar AL,117,G2SC-075-A,0.0294,1,FALSE,24,50
2929880,9,9,4.45,1.87,Climax G2SC-075-Z 3/4^ ID 2PC Clamp Collar STL ZINC,117,G2SC-075-Z,0.1625,1,FALSE,24,50
2929881,9,9,4.55,1.91,Climax G2SC-081-B 13/16^ ID 2PC Clamp Collar STL BO,117,G2SC-081-B,0.1938,1,FALSE,24,50
2929882,9,9,12.95,5.44,Climax G2SC-081-SS 13/16^ ID Stainless Split Clamp Collar SS,117,G2SC-081-SS,0.1625,1,FALSE,24,50
2929883,9,9,9.21,3.87,Climax G2SC-087-A 7/8^ ID 2PC Clamp Collar AL,117,G2SC-087-A,0.060889,1,FALSE,24,50
2929884,9,9,9.5,3.99,Climax G2SC-100-A 1^ ID 2PC Clamp Collar AL,117,G2SC-100-A,0.066706,1,FALSE,24,50
2929885,9,9,5.83,2.45,Climax G2SC-100-Z 1^ ID 2PC Clamp Collar STL ZINC,117,G2SC-100-Z,0.1938,1,FALSE,24,50
2929886,9,9,5.02,2.11,Climax G2SC-106-B 1 1/16^ ID 2PC Clamp Collar STL BO,117,G2SC-106-B,0.2294,1,FALSE,24,50
2929887,9,9,16.43,6.9,Climax G2SC-106-SS 1 1/16^ ID Stainless Split Clamp Collar SS,117,G2SC-106-SS,0.1938,1,FALSE,24,50
2929888,9,9,10.83,4.55,Climax G2SC-112-A 1 1/8^ ID 2PC Clamp Collar AL,117,G2SC-112-A,0.075311,1,FALSE,24,50
2929889,9,9,11.67,4.9,Climax G2SC-125-A 1 1/4^ 2PC Clamp Collar AL,117,G2SC-125-A,0.0875,1,FALSE,24,50
2929890,9,9,6.93,2.91,Climax G2SC-125-Z 1 1/4^ ID 2PC Clamp Collar STL ZINC,117,G2SC-125-Z,0.2638,1,FALSE,24,50
2929891,9,9,5.83,2.45,Climax G2SC-131-B 1 5/16^ ID 2PC Clamp Collar STL BO,117,G2SC-131-B,0.3688,1,FALSE,24,50
2929892,9,9,22,9.24,Climax G2SC-131-SS 1 5/16^ ID Stainless Split Clamp Collar SS,117,G2SC-131-SS,0.1938,1,FALSE,24,50
2929893,9,9,15.69,6.59,Climax G2SC-150-A 1 1/2^ 2PC Clamp Collar AL,117,G2SC-150-A,0.1262,1,FALSE,24,50
2929894,9,9,7.9,3.32,Climax G2SC-150-Z 1 1/2^ ID 2PC Clamp Collar STL ZINC,117,G2SC-150-Z,0.3788,1,FALSE,24,50
2929895,9,9,6.6,2.77,Climax G2SC-156-B 1 9/16^ ID 2PC Clamp Collar STL BO,117,G2SC-156-B,0.3506,1,FALSE,24,50
2929896,9,9,29.38,12.34,Climax G2SC-156-SS 1 9/16^ ID Stainless Split Clamp Collar SS,117,G2SC-156-SS,0.1938,1,FALSE,24,50
2929897,9,9,22.67,9.52,Climax G2SC-175-A 1 3/4^ ID 2PC Clamp Collar AL,117,G2SC-175-A,0.236637,1,FALSE,24,50
2929898,9,9,12.52,5.26,Climax G2SC-181-B 1 13/16^ ID 2PC Clamp Collar STL BO,117,G2SC-181-B,0.6875,1,FALSE,24,50
2929899,9,9,45.26,19.01,Climax G2SC-181-SS 1 13/16^ ID Stainless Split Clamp Collar SS,117,G2SC-181-SS,0.6875,1,FALSE,24,50
2929900,9,9,26.83,11.27,Climax G2SC-187-A 1 7/8^ ID 2PC Clamp Collar AL,117,G2SC-187-A,0.225038,1,FALSE,24,50
2929901,9,9,27.02,11.35,Climax G2SC-193-A 1 15/16^ ID 2PC Clamp Collar AL,117,G2SC-193-A,0.248891,1,FALSE,24,50
2929902,9,9,27.48,11.54,Climax G2SC-200-A 2^ ID 2PC Clamp Collar AL,117,G2SC-200-A,0.236637,1,FALSE,24,50
2929903,9,9,14.62,6.14,Climax G2SC-206-B 2 1/16^ ID 2PC Clamp Collar STL BO,117,G2SC-206-B,0.6875,1,FALSE,24,50
2929904,9,9,16.79,7.05,Climax G2SC-212-B 2 1/8^ ID 2PC Clamp Collar STL BO,117,G2SC-212-B,0.9375,1,FALSE,24,50
2929905,9,9,53.57,22.5,Climax G2SC-212-SS 2 1/8^ ID Stainless Split Clamp Collar SS,117,G2SC-212-SS,0.6875,1,FALSE,24,50
2929906,9,9,17.05,7.16,Climax G2SC-231-B 2 5/16^ ID 2PC Clamp Collar STL BO,117,G2SC-231-B,1.075,1,FALSE,24,50
2929907,9,9,56.4,23.69,Climax G2SC-250-A 2 1/2^ ID 2PC Clamp Collar AL,117,G2SC-250-A,0.479746,1,FALSE,24,50
2929908,9,9,27.38,11.5,Climax G2SC-256-B 2 9/16^ ID 2PC Clamp Collar STL BO,117,G2SC-256-B,1.5,1,FALSE,24,50
2929909,9,9,25.95,10.9,Climax G2SC-268-B 2 11/16^ ID 2PC Clamp Collar STL BO,117,G2SC-268-B,1.5625,1,FALSE,24,50
2929910,9,9,27,11.34,Climax G2SC-281-B 2 13/16^ ID 2PC Clamp Collar STL BO,117,G2SC-281-B,1.8125,1,FALSE,24,50
2929911,9,9,74.95,31.48,Climax G2SC-300-A 3^ ID 2PC Clamp Collar AL,117,G2SC-300-A,0.555023,1,FALSE,24,50
2929912,9,9,35.12,14.75,Climax G2SC-318-B 3 3/16^ ID 2PC Clamp Collar STL BO,117,G2SC-318-B,1.7688,1,FALSE,24,50
2929913,9,9,37.86,15.9,Climax G2SC-325-B 3 1/4^ ID 2PC Clamp Collar STL BO,117,G2SC-325-B,1.7062,1,FALSE,24,50
2929914,9,9,38.55,16.19,Climax G2SC-337-B 3-3/8^ ID 2PC Clamp Collar STL BO,117,G2SC-337-B,2.7625,1,FALSE,24,50
2929915,9,9,38.6,16.21,Climax G2SC-343-B 3 7/16^ ID 2PC Clamp Collar STL BO,117,G2SC-343-B,1.9375,1,FALSE,24,50
2929916,9,9,38.71,16.26,Climax G2SC-350-B 3 1/2^ ID 2PC Clamp Collar STL BO,117,G2SC-350-B,1.8188,1,FALSE,24,50
2929917,9,9,51.79,21.75,Climax G2SC-393-B 3 15/16^ ID 2PC Clamp Collar STL BO,117,G2SC-393-B,2.1875,1,FALSE,24,50
2929918,9,9,65.93,27.69,Climax G2SC-400-B 4^ ID 2PC Clamp Collar STL BO,117,G2SC-400-B,2.0625,1,FALSE,24,50
2929919,9,9,48.9,20.54,Climax G2SCC-025-025-S 1/4^ X 1/4^ ID 2PC Clamp Coupling SS,154,G2SCC-025-025-S,0.0938,1,FALSE,24,50
2929920,9,9,37.52,15.76,Climax G2SCC-037-025 3/8^ X 1/4^ ID 2PC Clamp Coupling STL BO,154,G2SCC-037-025,0.1625,1,FALSE,24,50
2929921,9,9,63.43,26.64,Climax G2SCC-037-025-S 3/8^ X 1/4^ ID 2PC Clamp Coupling SS,154,G2SCC-037-025-S,0.161576,1,FALSE,24,50
2929922,9,9,54.57,22.92,Climax G2SCC-037-037-S 3/8^ X 3/8^ ID 2PC Clamp Coupling SS,154,G2SCC-037-037-S,0.308239,1,FALSE,24,50
2929923,9,9,39.62,16.64,Climax G2SCC-050-037 1/2^ X 3/8^ ID 2PC Clamp Coupling STL BO,154,G2SCC-050-037,0.3562,1,FALSE,24,50
2929924,9,9,69.4,29.15,Climax G2SCC-050-037-S 1/2^ X 3/8^ ID 2PC Clamp Coupling SS,154,G2SCC-050-037-S,0.354176,1,FALSE,24,50
2929925,9,9,63.43,26.64,Climax G2SCC-050-050-S 1/2^ X 1/2^ ID 2PC Clamp Coupling SS,154,G2SCC-050-050-S,0.490995,1,FALSE,24,50
2929926,9,9,69.95,29.38,Climax G2SCC050-050SKW 1/2^ X 1/2^ ID 2PC KW Clamp Coupling SS,154,G2SCC050-050SKW,0.486633,1,FALSE,24,50
2929927,9,9,51.05,21.44,Climax G2SCC-062-050 5/8^ X 1/2^ ID 2PC Clamp Coupling STL BO,154,G2SCC-062-050,0.5312,1,FALSE,24,50
2929928,9,9,90.81,38.14,Climax G2SCC-062-050KW 5/8^ X 1/2^ ID 2PC KW Clamp Coupling STL BO,154,G2SCC-062-050KW,0.528366,1,FALSE,24,50
2929929,9,9,92.64,38.91,Climax G2SCC-062-050-S 5/8^ x 1/2^ ID 2PC Clamp Coupling SS,154,G2SCC-062-050-S,0.528182,1,FALSE,24,50
2929930,9,9,137.62,57.8,Climax G2SCC062-050SKW 5/8^ X 1/2^ ID 2PC KW Clamp Coupling SS,154,G2SCC062-050SKW,0.525365,1,FALSE,24,50
2929931,9,9,88.86,37.32,Climax G2SCC-062-062-S 5/8^ X 5/8^ ID 2PC Clamp Coupling SS,154,G2SCC-062-062-S,1.398311,1,FALSE,24,50
2929932,9,9,101.69,42.71,Climax G2SCC062-062SKW 5/8^ X 5/8^ ID 2PC KW Clamp Coupling SS,154,G2SCC062-062SKW,1.390854,1,FALSE,24,50
2929933,9,9,58.4,24.53,Climax G2SCC-075-050 3/4^ X 3/4^ ID 2PC Clamp Coupling STL BO,154,G2SCC-075-050,0.7625,1,FALSE,24,50
2929934,9,9,95.45,40.09,Climax G2SCC-075-050KW 3/4^ X 1/2^ ID 2PC KW Clamp Coupling STL BO,154,G2SCC-075-050KW,0.756869,1,FALSE,24,50
2929935,9,9,113.86,47.82,Climax G2SCC-075-050-S 3/4^ X 1/2^ ID 2PC Clamp Coupling SS,154,G2SCC-075-050-S,0.758168,1,FALSE,24,50
2929936,9,9,161.19,67.7,Climax G2SCC075-050SKW 3/4^ X 1/2^ ID 2PC KW Clamp Coupling SS,154,G2SCC075-050SKW,0.75257,1,FALSE,24,50
2929937,9,9,59.12,24.83,Climax G2SCC-075-062 3/4^ X 5/8^ ID 2PC Clamp Coupling STL BO,154,G2SCC-075-062,0.7625,1,FALSE,24,50
2929938,9,9,86.6,36.37,Climax G2SCC-075-062KW 3/4^ X 5/8^ ID 2PC KW Clamp Coupling STL BO,154,G2SCC-075-062KW,0.756869,1,FALSE,24,50
2929939,9,9,116.6,48.97,Climax G2SCC-075-062-S 3/4^ X 5/8^ ID 2PC Clamp Coupling SS,154,G2SCC-075-062-S,0.758168,1,FALSE,24,50
2929940,9,9,165.19,69.38,Climax G2SCC075-062SKW 3/4^ X 5/8^ ID 2PC KW Clamp Coupling SS,154,G2SCC075-062SKW,0.75257,1,FALSE,24,50
2929941,9,9,105.52,44.32,Climax G2SCC-075-075-S 3/4^ X 3/4^ ID 2PC Clamp Coupling SS,154,G2SCC-075-075-S,1.298879,1,FALSE,24,50
2929942,9,9,122.5,51.45,Climax G2SCC075-075SKW 3/4^ X 3/4^ ID 2PC KW Clamp Coupling SS,154,G2SCC075-075SKW,1.289288,1,FALSE,24,50
2929943,9,9,59.12,24.83,Climax G2SCC-087-062 7/8^ X 5/8^ ID 2PC Clamp Coupling STL BO,154,G2SCC-087-062,0.9625,1,FALSE,24,50
2929944,9,9,102.55,43.07,Climax G2SCC-087-062KW 7/8^ X 5/8^ ID 2PC KW Clamp Coupling STL BO,154,G2SCC-087-062KW,0.88415,1,FALSE,24,50
2929945,9,9,124.26,52.19,Climax G2SCC-087-062-S 7/8^ X 5/8^ ID 2PC Clamp Coupling SS,154,G2SCC-087-062-S,0.957032,1,FALSE,24,50
2929946,9,9,191.12,80.27,Climax G2SCC087-062SKW 7/8^ X 5/8^ ID 2PC KW Clamp Coupling SS,154,G2SCC087-062SKW,0.879128,1,FALSE,24,50
2929947,9,9,117.4,49.31,Climax G2SCC-087-087-S 7/8^ X 7/8^ ID 2PC Clamp Coupling SS,154,G2SCC-087-087-S,0.957032,1,FALSE,24,50
2929948,9,9,141.83,59.57,Climax G2SCC087-087SKW 7/8^ X 7/8^ ID 2PC KW Clamp Coupling SS,154,G2SCC087-087SKW,0.879128,1,FALSE,24,50
2929949,9,9,62.71,26.34,Climax G2SCC-100-050 1^ X 1/2^ ID 2PC Clamp Coupling STL BO,154,G2SCC-100-050,1.475,1,FALSE,24,50
2929950,9,9,105.79,44.43,Climax G2SCC-100-050KW 1^ X 1/2^ ID 2PC KW Clamp Coupling STL BO,154,G2SCC-100-050KW,1.465105,1,FALSE,24,50
2929951,9,9,145.48,61.1,Climax G2SCC-100-050-S 1^ X 1/2^ ID 2PC Clamp Coupling SS,154,G2SCC-100-050-S,1.466621,1,FALSE,24,50
2929952,9,9,205.55,86.33,Climax G2SCC100-050SKW 1x1/2^ ID 2PC KW Clamp Coupling SS,154,G2SCC100-050SKW,1.456783,1,FALSE,24,50
2929953,9,9,62.71,26.34,Climax G2SCC-100-075 1^ X 3/4^ ID 2PC Clamp Coupling STL BO,154,G2SCC-100-075,1.475,1,FALSE,24,50
2929954,9,9,106.33,44.66,Climax G2SCC-100-075KW 1^ X 3/4^ ID 2PC KW Clamp Coupling STL BO,154,G2SCC-100-075KW,1.465105,1,FALSE,24,50
2929955,9,9,145.48,61.1,Climax G2SCC-100-075-S 1^ X 3/4^ ID 2PC Clamp Coupling SS,154,G2SCC-100-075-S,1.466621,1,FALSE,24,50
2929956,9,9,206.14,86.58,Climax G2SCC100-075SKW 1^ X 3/4^ ID 2PC KW Clamp Coupling SS,154,G2SCC100-075SKW,1.456783,1,FALSE,24,50
2929957,9,9,124.9,52.46,Climax G2SCC-100-100-S 1^ X 1^ ID 2PC Clamp Coupling SS,154,G2SCC-100-100-S,1.466621,1,FALSE,24,50
2929958,9,9,159.57,67.02,Climax G2SCC100-100SKW 1^ X 1^ ID 2PC KW Clamp Coupling SS,154,G2SCC100-100SKW,1.456783,1,FALSE,24,50
2929959,9,9,86.45,36.31,Climax G2SCC-112-100 1 1/8x1^ ID 2PC Clamp Coupling STL BO,154,G2SCC-112-100,0.5312,1,FALSE,24,50
2929960,9,9,129.64,54.45,Climax G2SCC-112-100KW 1 1/8x1 3/4 ID 2PC KW Clamp Coupling STL BO,154,G2SCC-112-100KW,0.527636,1,FALSE,24,50
2929961,9,9,202.24,84.94,Climax G2SCC-112-100-S 1 1/8^ X 1^ ID 2PC Clamp Coupling SS,154,G2SCC-112-100-S,0.528182,1,FALSE,24,50
2929962,9,9,259.67,109.06,Climax G2SCC112-100SKW 1 1/8^ x 1^ ID 2PC KW Clamp Coupling SS,154,G2SCC112-100SKW,0.524639,1,FALSE,24,50
2929963,9,9,185.9,78.08,Climax G2SCC-112-112-S 1 1/8x1 1/8 ID 2PC Clamp Coupling SS,154,G2SCC-112-112-S,2.050784,1,FALSE,24,50
2929964,9,9,214.69,90.17,Climax G2SCC112-112SKW 1 1/8^ x 1 3/4^ ID 2PC KW Clamp Coupling SS,154,G2SCC112-112SKW,1.764917,1,FALSE,24,50
2929965,9,9,92.12,38.69,Climax G2SCC-125-100 1 1/4 X 1^ ID 2PC Clamp Coupling STL BO,154,G2SCC-125-100,1.775,1,FALSE,24,50
2929966,9,9,139.1,58.42,Climax G2SCC-125-100KW 1 1/4 x 1 ID 2PC KW Clamp Coupling STL BO,154,G2SCC-125-100KW,1.766252,1,FALSE,24,50
2929967,9,9,215.02,90.31,Climax G2SCC-125-100-S 1 1/4 X 1 ID 2PC Clamp Coupling SS,154,G2SCC-125-100-S,1.764917,1,FALSE,24,50
2929968,9,9,288.57,121.2,Climax G2SCC125-100SKW 1 1/4^ x 1^ ID 2PC KW Clamp Coupling SS,154,G2SCC125-100SKW,1.75622,1,FALSE,24,50
2929969,9,9,198.81,83.5,Climax G2SCC-125-125-S 1 1/4^ X 1 1/4^ ID 2PC Clamp Coupling SS,154,G2SCC-125-125-S,1.764917,1,FALSE,24,50
2929970,9,9,234.31,98.41,Climax G2SCC125-125SKW 1 1/4^ X 1 1/4^ ID 2PC KW Clamp Coupling SS,154,G2SCC125-125SKW,1.75622,1,FALSE,24,50
2929971,9,9,96.69,40.61,Climax G2SCC-137-100 1 3/8^ X 1^ ID 2PC Clamp Coupling STL BO,154,G2SCC-137-100,2.3125,1,FALSE,24,50
2929972,9,9,136.48,57.32,Climax G2SCC-137-100KW 1 3/8^ X 1^ ID 2PC KW Clamp Coupling STL BO,154,G2SCC-137-100KW,2.301104,1,FALSE,24,50
2929973,9,9,295,123.9,Climax G2SCC-137-100-S 1 3/8^ X 1^ ID 2PC Clamp Coupling SS,154,G2SCC-137-100-S,2.299364,1,FALSE,24,50
2929974,9,9,340.93,143.19,Climax G2SCC137-100SKW 1 3/8^ x 1^ ID 2PC KW Clamp Coupling SS,154,G2SCC137-100SKW,2.288033,1,FALSE,24,50
2929975,9,9,272.52,114.46,Climax G2SCC-137-137-S 1 3/8^ X 1 3/8^ ID 2PC Clamp Coupling SS,154,G2SCC-137-137-S,2.299364,1,FALSE,24,50
2929976,9,9,309.79,130.11,Climax G2SCC137-137SKW 1 3/8^ X 1 3/8^ ID 2PC KW Clamp Coupling SS,154,G2SCC137-137SKW,2.288033,1,FALSE,24,50
2929977,9,9,101.9,42.8,Climax G2SCC-150-100 1 1/2^ X 1^ ID 2PC Clamp Coupling STL BO,154,G2SCC-150-100,3.0938,1,FALSE,24,50
2929978,9,9,140.88,59.17,Climax G2SCC-150-100KW 1 1/2^ X 1^ ID 2PC KW Clamp Coupling STL BO,154,G2SCC-150-100KW,3.083182,1,FALSE,24,50
2929979,9,9,305.6,128.35,Climax G2SCC-150-100-S 1 1/2^ X 1^ ID 2PC Clamp Coupling SS,154,G2SCC-150-100-S,3.076226,1,FALSE,24,50
2929980,9,9,348,146.16,Climax G2SCC150-100SKW 1 1/2^ X 1^ ID 2PC KW Clamp Coupling SS,154,G2SCC150-100SKW,3.065669,1,FALSE,24,50
2929981,9,9,272.52,114.46,Climax G2SCC-150-150-S 1 1/2^ X 1 1/2^ ID 2PC Clamp Coupling SS,154,G2SCC-150-150-S,3.076226,1,FALSE,24,50
2929982,9,9,309.71,130.08,Climax G2SCC150-150SKW 1 1/2^ X 1 1/2^ ID 2PC KW Clamp Coupling SS,154,G2SCC150-150SKW,3.065669,1,FALSE,24,50
2929983,9,9,143.43,60.24,Climax G2SCC-175-175 1 3/4^ X 1 3/4^ ID 2PC Clamp Coupling STL BO,154,G2SCC-175-175,3.0938,1,FALSE,24,50
2929984,9,9,160.36,67.35,Climax G2SCC-175-175KW 1 3/4^ X 1 3/4^ 2PC KW Clamp Coupling STL BO,154,G2SCC-175-175KW,3.083182,1,FALSE,24,50
2929985,9,9,159.02,66.79,Climax G2SCC-200-200 2 X 2^ ID 2PC Clamp Coupling STL BO,154,G2SCC-200-200,6.875,1,FALSE,24,50
2929986,9,9,189.1,79.42,Climax G2SCC-200-200KW 2^ x 2^ ID 2PC KW Clamp Coupling STL BO,154,G2SCC-200-200KW,6.856,1,FALSE,24,50
2929987,9,9,481.98,202.43,Climax G2SCC-200-200-S 2^x2^ ID 2PC Clamp Coupling SS,154,G2SCC-200-200-S,6.835948,1,FALSE,24,50
2929988,9,9,503.86,211.62,Climax G2SCC200-200SKW 2^ x 2^ ID 2PC KW Clamp Coupling SS,154,G2SCC200-200SKW,6.817056,1,FALSE,24,50
2929989,9,9,2.81,1.18,Climax GH1C-012-B 1/8^ ID SPLIT Recessed Screw Collar STL BO,115,GH1C-012-B,0.0319,1,FALSE,24,50
2929990,9,9,6.57,2.76,Climax GH1C-012-SS 1/8^ ID SPLIT Recessed Screw Collar SS,115,GH1C-012-SS,0.0319,1,FALSE,24,50
2929991,9,9,2.57,1.08,Climax GH1C-018-B 3/16^ ID SPLIT Recessed Screw Collar STL BO,115,GH1C-018-B,0.0312,1,FALSE,24,50
2929992,9,9,6.74,2.83,Climax GH1C-018-SS 3/16^ ID SPLIT Recessed Screw Collar SS,115,GH1C-018-SS,0.0312,1,FALSE,24,50
2929993,9,9,2.05,0.86,Climax GH1C-025-B 1/4^ ID SPLIT Recessed Screw Collar STL BO,115,GH1C-025-B,0.0281,1,FALSE,24,50
2929994,9,9,6.74,2.83,Climax GH1C-025-SS 1/4^ ID SPLIT Recessed Screw Collar SS,115,GH1C-025-SS,0.0281,1,FALSE,24,50
2929995,9,9,2.17,0.91,Climax GH1C-031-B 5/16^ ID SPLIT Recessed Screw Collar STL BO,115,GH1C-031-B,0.0269,1,FALSE,24,50
2929996,9,9,7.55,3.17,Climax GH1C-031-SS 5/16^ ID SPLIT Recessed Screw Collar SS,115,GH1C-031-SS,0.0269,1,FALSE,24,50
2929997,9,9,2.38,1,Climax GH1C-037-B 3/8^ ID SPLIT Recessed Screw Collar STL BO,115,GH1C-037-B,0.0594,1,FALSE,24,50
2929998,9,9,8.98,3.77,Climax GH1C-037-SS 3/8^ ID SPLIT Recessed Screw Collar SS,115,GH1C-037-SS,0.0594,1,FALSE,24,50
2929999,9,9,2.55,1.07,Climax GH1C-043-B 7/16^ ID SPLIT Recessed Screw Collar STL BO,115,GH1C-043-B,0.0575,1,FALSE,24,50
2930000,9,9,9.48,3.98,Climax GH1C-043-SS 7/16^ ID SPLIT Recessed Screw Collar SS,115,GH1C-043-SS,0.0575,1,FALSE,24,50
2930001,9,9,2.64,1.11,Climax GH1C-050-B 1/2^ ID SPLIT Recessed Screw Collar STL BO,115,GH1C-050-B,0.0938,1,FALSE,24,50
2930002,9,9,11.81,4.96,Climax GH1C-050-SS 1/2^ ID SPLIT Recessed Screw Collar SS,115,GH1C-050-SS,0.0938,1,FALSE,24,50
2930003,9,9,3.33,1.4,Climax GH1C-056-B 9/16^ ID SPLIT Recessed Screw Collar STL BO,115,GH1C-056-B,0.09,1,FALSE,24,50
2930004,9,9,11.95,5.02,Climax GH1C-056-SS 9/16^ ID SPLIT Recessed Screw Collar SS,115,GH1C-056-SS,0.0938,1,FALSE,24,50
2930005,9,9,3.26,1.37,Climax GH1C-062-B 5/8^ ID SPLIT Recessed Screw Collar STL BO,115,GH1C-062-B,0.15,1,FALSE,24,50
2930006,9,9,15.52,6.52,Climax GH1C-062-SS 5/8^ ID SPLIT Recessed Screw Collar SS,115,GH1C-062-SS,0.15,1,FALSE,24,50
2930007,9,9,3.79,1.59,Climax GH1C-068-B 11/16^ ID SPLIT Recessed Screw Collar STL BO,115,GH1C-068-B,0.1438,1,FALSE,24,50
2930008,9,9,14.62,6.14,Climax GH1C-068-SS 3/8^ ID SPLIT Recessed Screw Collar SS,115,GH1C-068-SS,0.1438,1,FALSE,24,50
2930009,9,9,4.52,1.9,Climax GH1C-075-B 3/4^ ID SPLIT Recessed Screw Collar STL BO,115,GH1C-075-B,0.225,1,FALSE,24,50
2930010,9,9,18.79,7.89,Climax GH1C-075-SS 3/4^ ID SPLIT Recessed Screw Collar SS,115,GH1C-075-SS,0.225,1,FALSE,24,50
2930011,9,9,5,2.1,Climax GH1C-081-B 13/16^ ID SPLIT Recessed Screw Collar STL BO,115,GH1C-081-B,0.2188,1,FALSE,24,50
2930012,9,9,17.81,7.48,Climax GH1C-081-SS 13/16^ ID SPLIT Recessed Screw Collar SS,115,GH1C-081-SS,0.24,1,FALSE,24,50
2930013,9,9,5.57,2.34,Climax GH1C-087-B 7/8^ ID SPLIT Recessed Screw Collar STL BO,115,GH1C-087-B,0.2812,1,FALSE,24,50
2930014,9,9,18.31,7.69,Climax GH1C-087-SS 7/8^ ID SPLIT Recessed Screw Collar SS,115,GH1C-087-SS,0.2812,1,FALSE,24,50
2930015,9,9,5.69,2.39,Climax GH1C-093-B 15/16 ID SPLIT Recessed Screw Collar STL BO,115,GH1C-093-B,0.2625,1,FALSE,24,50
2930016,9,9,17.81,7.48,Climax GH1C-093-SS 15/16^ ID SPLIT Recessed Screw Collar SS,115,GH1C-093-SS,0.26,1,FALSE,24,50
2930017,9,9,5.95,2.5,Climax GH1C-100-B 1^ ID SPLIT Recessed Screw Collar STL BO,115,GH1C-100-B,0.3,1,FALSE,24,50
2930018,9,9,19.26,8.09,Climax GH1C-100-SS 1^ ID SPLIT Recessed Screw Collar SS,115,GH1C-100-SS,0.3,1,FALSE,24,50
2930019,9,9,6.21,2.61,Climax GH1C-106-B 1 1/16^ ID SPLIT Recessed Screw Collar STL BO,115,GH1C-106-B,0.2875,1,FALSE,24,50
2930020,9,9,21.21,8.91,Climax GH1C-106-SS 1 1/16^ ID SPLIT Recessed Screw Collar SS,115,GH1C-106-SS,0.2875,1,FALSE,24,50
2930021,9,9,6.74,2.83,Climax GH1C-112-B 1 1/8^ ID SPLIT Recessed Screw Collar STL BO,115,GH1C-112-B,0.3312,1,FALSE,24,50
2930022,9,9,21.71,9.12,Climax GH1C-112-SS 1 1/8^ ID SPLIT Recessed Screw Collar SS,115,GH1C-112-SS,0.3312,1,FALSE,24,50
2930023,9,9,6.74,2.83,Climax GH1C-118-B 1 3/16^ ID SPLIT Recessed Screw Collar STL BO,115,GH1C-118-B,0.3562,1,FALSE,24,50
2930024,9,9,20.62,8.66,Climax GH1C-118-SS 1 3/16^ ID SPLIT Recessed Screw Collar SS,115,GH1C-118-SS,0.3125,1,FALSE,24,50
2930025,9,9,7.31,3.07,Climax GH1C-125-B 1 1/4^ ID SPLIT Recessed Screw Collar STL BO,115,GH1C-125-B,0.3562,1,FALSE,24,50
2930026,9,9,24.26,10.19,Climax GH1C-125-SS 1 1/4^ ID SPLIT Recessed Screw Collar SS,115,GH1C-125-SS,0.3562,1,FALSE,24,50
2930027,9,9,7.38,3.1,Climax GH1C-131-B 1 5/16^ ID SPLIT Recessed Screw Collar STL BO,115,GH1C-131-B,0.3438,1,FALSE,24,50
2930028,9,9,24.48,10.28,Climax GH1C-131-SS 1 5/16^ ID SPLIT Recessed Screw Collar SS,115,GH1C-131-SS,0.3438,1,FALSE,24,50
2930029,9,9,8.07,3.39,Climax GH1C-137-B 1 3/8^ ID SPLIT Recessed Screw Collar STL BO,115,GH1C-137-B,0.3875,1,FALSE,24,50
2930030,9,9,24.81,10.42,Climax GH1C-137-SS 1 3/8^ ID SPLIT Recessed Screw Collar SS,115,GH1C-137-SS,0.3875,1,FALSE,24,50
2930031,9,9,8.55,3.59,Climax GH1C-143-B 1 7/16^ ID SPLIT Recessed Screw Collar STL BO,115,GH1C-143-B,0.3688,1,FALSE,24,50
2930032,9,9,27.07,11.37,Climax GH1C-143-SS 1 7/16^ ID SPLIT Recessed Screw Collar SS,115,GH1C-143-SS,0.3688,1,FALSE,24,50
2930033,9,9,10.1,4.24,Climax GH1C-150-B 1 1/2^ ID SPLIT Recessed Screw Collar STL BO,115,GH1C-150-B,0.4062,1,FALSE,24,50
2930034,9,9,36.19,15.2,Climax GH1C-150-SS 1 1/2^ ID SPLIT Recessed Screw Collar SS,115,GH1C-150-SS,0.4062,1,FALSE,24,50
2930035,9,9,10.62,4.46,Climax GH1C-156-B 1 9/16^ ID SPLIT Recessed Screw Collar STL BO,115,GH1C-156-B,0.3875,1,FALSE,24,50
2930036,9,9,47.98,20.15,Climax GH1C-156-SS 1 9/16^ ID SPLIT Recessed Screw Collar SS,115,GH1C-156-SS,0.3875,1,FALSE,24,50
2930037,9,9,13.71,5.76,Climax GH1C-162-B 1 5/8^ ID SPLIT Recessed Screw Collar STL BO,115,GH1C-162-B,0.825,1,FALSE,24,50
2930038,9,9,50.76,21.32,Climax GH1C-162-SS 1 5/8^ ID SPLIT Recessed Screw Collar SS,115,GH1C-162-SS,0.825,1,FALSE,24,50
2930039,9,9,13.86,5.82,Climax GH1C-168-B 1 11/16^ ID SPLIT Recessed Screw Collar STL BO,115,GH1C-168-B,0.7938,1,FALSE,24,50
2930040,9,9,48.71,20.46,Climax GH1C-168-SS 1 11/16^ ID SPLIT Recessed Screw Collar SS,115,GH1C-168-SS,0.7938,1,FALSE,24,50
2930041,9,9,13.93,5.85,Climax GH1C-175-B 1 3/4^ ID SPLIT Recessed Screw Collar STL BO,115,GH1C-175-B,0.7562,1,FALSE,24,50
2930042,9,9,57.93,24.33,Climax GH1C-175-SS 1 3/4^ ID SPLIT Recessed Screw Collar SS,115,GH1C-175-SS,0.7562,1,FALSE,24,50
2930043,9,9,14.05,5.9,Climax GH1C-187-B 1 7/8^ ID SPLIT Recessed Screw Collar STL BO,115,GH1C-187-B,0.9125,1,FALSE,24,50
2930044,9,9,59.31,24.91,Climax GH1C-187-SS 1 7/8^ ID SPLIT Recessed Screw Collar SS,115,GH1C-187-SS,0.9125,1,FALSE,24,50
2930045,9,9,13.98,5.87,Climax GH1C-193-B 1 15/16^ ID SPLIT Recessed Screw Collar STL BO,115,GH1C-193-B,0.875,1,FALSE,24,50
2930046,9,9,56.24,23.62,Climax GH1C-193-SS 1 15/16^ ID SPLIT Recessed Screw Collar SS,115,GH1C-193-SS,0.875,1,FALSE,24,50
2930047,9,9,13.98,5.87,Climax GH1C-200-B 2^ ID SPLIT Recessed Screw Collar STL BO,115,GH1C-200-B,0.8375,1,FALSE,24,50
2930048,9,9,72,30.24,Climax GH1C-200-SS 2^ ID SPLIT Recessed Screw Collar SS,115,GH1C-200-SS,0.8375,1,FALSE,24,50
2930049,9,9,15.26,6.41,Climax GH1C-212-B 2 1/8^ ID SPLIT Recessed Screw Collar STL BO,115,GH1C-212-B,1.0824,1,FALSE,24,50
2930050,9,9,80.29,33.72,Climax GH1C-212-SS 2 1/8^ ID SPLIT Recessed Screw Collar SS,115,GH1C-212-SS,1.0824,1,FALSE,24,50
2930051,9,9,15.79,6.63,Climax GH1C-218-B 2 3/16^ ID SPLIT Recessed Screw Collar STL BO,115,GH1C-218-B,0.9625,1,FALSE,24,50
2930052,9,9,68.76,28.88,Climax GH1C-218-SS 2 3/16^ ID SPLIT Recessed Screw Collar SS,115,GH1C-218-SS,0.9625,1,FALSE,24,50
2930053,9,9,16.31,6.85,Climax GH1C-225-B 2 1/4^ ID SPLIT Recessed Screw Collar STL BO,115,GH1C-225-B,0.9312,1,FALSE,24,50
2930054,9,9,74.83,31.43,Climax GH1C-225-SS 2 1/4^ ID SPLIT Recessed Screw Collar SS,115,GH1C-225-SS,0.9312,1,FALSE,24,50
2930055,9,9,16.83,7.07,Climax GH1C-237-B 2 3/8^ ID SPLIT Recessed Screw Collar STL BO,115,GH1C-237-B,0.8438,1,FALSE,24,50
2930056,9,9,99.83,41.93,Climax GH1C-237-SS 2 3/8^ ID SPLIT Recessed Screw Collar SS,115,GH1C-237-SS,0.8438,1,FALSE,24,50
2930057,9,9,25.9,10.88,Climax GH1C-243-B 2 7/16^ ID SPLIT Recessed Screw Collar STL BO,115,GH1C-243-B,1.56,1,FALSE,24,50
2930058,9,9,98.95,41.56,Climax GH1C-243-SS 2 7/16^ ID SPLIT Recessed Screw Collar SS,115,GH1C-243-SS,1.56,1,FALSE,24,50
2930059,9,9,29.05,12.2,Climax GH1C-250-B 2 1/2^ ID SPLIT Recessed Screw Collar STL BO,115,GH1C-250-B,1.5438,1,FALSE,24,50
2930060,9,9,111.69,46.91,Climax GH1C-250-SS 2 1/2^ ID SPLIT Recessed Screw Collar SS,115,GH1C-250-SS,1.5438,1,FALSE,24,50
2930061,9,9,30.67,12.88,Climax GH1C-262-B 2 5/8^ ID SPLIT Recessed Screw Collar STL BO,115,GH1C-262-B,1.6625,1,FALSE,24,50
2930062,9,9,111.69,46.91,Climax GH1C-262-SS 2 5/8^ ID SPLIT Recessed Screw Collar SS,115,GH1C-262-SS,1.6625,1,FALSE,24,50
2930063,9,9,32.12,13.49,Climax GH1C-275-B 2 3/4^ ID SPLIT Recessed Screw Collar STL BO,115,GH1C-275-B,1.6562,1,FALSE,24,50
2930064,9,9,119.55,50.21,Climax GH1C-275-SS 2 3/4^ ID SPLIT Recessed Screw Collar SS,115,GH1C-275-SS,1.6562,1,FALSE,24,50
2930065,9,9,34.26,14.39,Climax GH1C-287-B 2 7/8^ ID SPLIT Recessed Screw Collar STL BO,115,GH1C-287-B,1.87,1,FALSE,24,50
2930066,9,9,119.55,50.21,Climax GH1C-287-SS 2 7/8^ ID SPLIT Recessed Screw Collar SS,115,GH1C-287-SS,1.87,1,FALSE,24,50
2930067,9,9,33.07,13.89,Climax GH1C-293-B 2 15/16^ ID SPLIT Recessed Screw Collar STL BO,115,GH1C-293-B,1.8312,1,FALSE,24,50
2930068,9,9,120.45,50.59,Climax GH1C-293-SS 2 15/16^ ID SPLIT Recessed Screw Collar SS,115,GH1C-293-SS,1.8312,1,FALSE,24,50
2930069,9,9,31.81,13.36,Climax GH1C-300-B 3^ ID SPLIT Recessed Screw Collar STL BO,115,GH1C-300-B,1.7688,1,FALSE,24,50
2930070,9,9,120.45,50.59,Climax GH1C-300-SS 3^ ID SPLIT Recessed Screw Collar SS,115,GH1C-300-SS,1.7688,1,FALSE,24,50
2930071,9,9,5.29,2.22,Climax GH2C-012-B 1/8^ ID 2PC Recessed Screw Collar STL BO,113,GH2C-012-B,0.03,1,FALSE,24,50
2930072,9,9,9.81,4.12,Climax GH2C-012-SS 1/8^ ID 2PC Recessed Screw Collar SS,117,GH2C-012-SS,0.03,1,FALSE,24,50
2930073,9,9,4.79,2.01,Climax GH2C-018-B 3/16^ ID 2PC Recessed Screw Collar STL BO,117,GH2C-018-B,0.03,1,FALSE,24,50
2930074,9,9,9.29,3.9,Climax GH2C-018-SS 3/16^ ID 2PC Recessed Screw Collar SS,117,GH2C-018-SS,0.03,1,FALSE,24,50
2930075,9,9,4.36,1.83,Climax GH2C-025-B 1/4^ ID 2PC Recessed Screw Collar STL BO,117,GH2C-025-B,0.0262,1,FALSE,24,50
2930076,9,9,9.17,3.85,Climax GH2C-025-SS 1/4^ ID 2PC Recessed Screw Collar SS,117,GH2C-025-SS,0.0262,1,FALSE,24,50
2930077,9,9,4.36,1.83,Climax GH2C-031-B 5/16^ ID 2PC Recessed Screw Collar STL BO,117,GH2C-031-B,0.025,1,FALSE,24,50
2930078,9,9,9.31,3.91,Climax GH2C-031-SS 5/16^ ID 2PC Recessed Screw Collar SS,117,GH2C-031-SS,0.025,1,FALSE,24,50
2930079,9,9,4.4,1.85,Climax GH2C-037-B 3/8^ ID 2PC Recessed Screw Collar STL BO,117,GH2C-037-B,0.0556,1,FALSE,24,50
2930080,9,9,10.43,4.38,Climax GH2C-037-SS 3/8^ ID 2PC Recessed Screw Collar SS,117,GH2C-037-SS,0.0556,1,FALSE,24,50
2930081,9,9,4.33,1.82,Climax GH2C-043-B 7/16^ ID 2PC Recessed Screw Collar STL BO,117,GH2C-043-B,0.0519,1,FALSE,24,50
2930082,9,9,11.24,4.72,Climax GH2C-043-SS 7/16^ ID 2PC Recessed Screw Collar SS,117,GH2C-043-SS,0.06,1,FALSE,24,50
2930083,9,9,4.19,1.76,Climax GH2C-050-B 1/2^ ID 2PC Recessed Screw Collar STL BO,117,GH2C-050-B,0.0906,1,FALSE,24,50
2930084,9,9,11.67,4.9,Climax GH2C-050-SS 1/2^ ID 2PC Recessed Screw Collar SS,117,GH2C-050-SS,0.0906,1,FALSE,24,50
2930085,9,9,4.86,2.04,Climax GH2C-056-B 9/16 ID 2PC Recessed Screw Collar STL BO,117,GH2C-056-B,0.0881,1,FALSE,24,50
2930086,9,9,15.4,6.47,Climax GH2C-056-SS 9/16^ ID 2PC Recessed Screw Collar SS,117,GH2C-056-SS,0.0881,1,FALSE,24,50
2930087,9,9,4.98,2.09,Climax GH2C-062-B 5/8^ ID 2PC Recessed Screw Collar STL BO,117,GH2C-062-B,0.1375,1,FALSE,24,50
2930088,9,9,14.1,5.92,Climax GH2C-062-SS 5/8^ ID 2PC Recessed Screw Collar SS,117,GH2C-062-SS,0.1375,1,FALSE,24,50
2930089,9,9,5.4,2.27,Climax GH2C-068-B 11/16^ ID 2PC Recessed Screw Collar STL BO,117,GH2C-068-B,0.1312,1,FALSE,24,50
2930090,9,9,18.69,7.85,Climax GH2C-068-SS 11/16^ ID 2PC Recessed Screw Collar SS,117,GH2C-068-SS,0.1312,1,FALSE,24,50
2930091,9,9,5.52,2.32,Climax GH2C-075-B 3/4^ ID 2PC Recessed Screw Collar STL BO,117,GH2C-075-B,0.225,1,FALSE,24,50
2930092,9,9,18.5,7.77,Climax GH2C-075-SS 3/4^ ID 2PC Recessed Screw Collar SS,117,GH2C-075-SS,0.225,1,FALSE,24,50
2930093,9,9,6.48,2.72,Climax GH2C-081-B 13/16^ ID 2PC Recessed Screw Collar STL BO,117,GH2C-081-B,0.2188,1,FALSE,24,50
2930094,9,9,21.17,8.89,Climax GH2C-081-SS 13/16^ ID 2PC Recessed Screw Collar SS,117,GH2C-081-SS,0.2188,1,FALSE,24,50
2930095,9,9,6.07,2.55,Climax GH2C-087-B 7/8^ ID 2PC Recessed Screw Collar STL BO,117,GH2C-087-B,0.2562,1,FALSE,24,50
2930096,9,9,20.17,8.47,Climax GH2C-087-SS 7/8^ ID 2PC Recessed Screw Collar SS,117,GH2C-087-SS,0.2562,1,FALSE,24,50
2930097,9,9,7.05,2.96,Climax GH2C-093-B 15/16^ ID 2PC Recessed Screw Collar STL BO,117,GH2C-093-B,0.2438,1,FALSE,24,50
2930098,9,9,20.17,8.47,Climax GH2C-093-SS 15/16^ ID 2PC Recessed Screw Collar SS,117,GH2C-093-SS,0.2438,1,FALSE,24,50
2930099,9,9,6.48,2.72,Climax GH2C-100-B 1^ ID 2PC Recessed Screw Collar STL BO,117,GH2C-100-B,0.2812,1,FALSE,24,50
2930100,9,9,23.81,10,Climax GH2C-100-SS 1^ ID 2PC Recessed Screw Collar SS,117,GH2C-100-SS,0.2812,1,FALSE,24,50
2930101,9,9,6.74,2.83,Climax GH2C-106-B 1 1/16^ ID 2PC Recessed Screw Collar STL BO,117,GH2C-106-B,0.2688,1,FALSE,24,50
2930102,9,9,24.79,10.41,Climax GH2C-106-SS 1 1/16^ ID 2PC Recessed Screw Collar SS,117,GH2C-106-SS,0.2688,1,FALSE,24,50
2930103,9,9,6.88,2.89,Climax GH2C-112-B 1 1/8^ ID 2PC Recessed Screw Collar STL BO,117,GH2C-112-B,0.3125,1,FALSE,24,50
2930104,9,9,25.21,10.59,Climax GH2C-112-SS 1 1/8^ ID 2PC Recessed Screw Collar SS,117,GH2C-112-SS,0.3125,1,FALSE,24,50
2930105,9,9,6.88,2.89,Climax GH2C-118-B 1 3/16^ ID 2PC Recessed Screw Collar STL BO,117,GH2C-118-B,0.2938,1,FALSE,24,50
2930106,9,9,26.4,11.09,Climax GH2C-118-SS 1 3/16^ ID 2PC Recessed Screw Collar SS,117,GH2C-118-SS,0.29,1,FALSE,24,50
2930107,9,9,7.31,3.07,Climax GH2C-125-B 1 1/4^ ID 2PC Recessed Screw Collar STL BO,117,GH2C-125-B,0.3312,1,FALSE,24,50
2930108,9,9,27.17,11.41,Climax GH2C-125-SS 1 1/4^ ID 2PC Recessed Screw Collar SS,117,GH2C-125-SS,0.3312,1,FALSE,24,50
2930109,9,9,8.31,3.49,Climax GH2C-131-B 1 5/16^ ID 2PC Recessed Screw Collar STL BO,117,GH2C-131-B,0.3125,1,FALSE,24,50
2930110,9,9,28.21,11.85,Climax GH2C-131-SS 1 5/16^ ID 2PC Recessed Screw Collar SS,117,GH2C-131-SS,0.3125,1,FALSE,24,50
2930111,9,9,8.55,3.59,Climax GH2C-137-B 1 3/8^ ID 2PC Recessed Screw Collar STL BO,117,GH2C-137-B,0.3625,1,FALSE,24,50
2930112,9,9,30.62,12.86,Climax GH2C-137-SS 1 3/8^ ID 2PC Recessed Screw Collar SS,117,GH2C-137-SS,0.31,1,FALSE,24,50
2930113,9,9,8.64,3.63,Climax GH2C-143-B 1 7/16^ ID 2PC Recessed Screw Collar STL BO,117,GH2C-143-B,0.3438,1,FALSE,24,50
2930114,9,9,31,13.02,Climax GH2C-143-SS 1 7/16^ ID 2PC Recessed Screw Collar SS,117,GH2C-143-SS,0.3438,1,FALSE,24,50
2930115,9,9,10.67,4.48,Climax GH2C-150-B 1 1/2^ ID 2PC Recessed Screw Collar STL BO,117,GH2C-150-B,0.3875,1,FALSE,24,50
2930116,9,9,37.76,15.86,Climax GH2C-150-SS 1 1/2^ ID 2PC Recessed Screw Collar SS,117,GH2C-150-SS,0.3875,1,FALSE,24,50
2930117,9,9,10.74,4.51,Climax GH2C-156-B 1 9/16^ ID 2PC Recessed Screw Collar STL BO,117,GH2C-156-B,0.3625,1,FALSE,24,50
2930118,9,9,45.21,18.99,Climax GH2C-156-SS 1 9/16^ ID 2PC Recessed Screw Collar SS,117,GH2C-156-SS,0.3625,1,FALSE,24,50
2930119,9,9,13.45,5.65,Climax GH2C-162-B 1 5/8^ ID 2PC Recessed Screw Collar STL BO,117,GH2C-162-B,0.825,1,FALSE,24,50
2930120,9,9,55,23.1,Climax GH2C-162-SS 1 5/8^ ID 2PC Recessed Screw Collar SS,117,GH2C-162-SS,0.7812,1,FALSE,24,50
2930121,9,9,13.45,5.65,Climax GH2C-168-B 1 11/16^ ID 2PC Recessed Screw Collar STL BO,117,GH2C-168-B,0.7562,1,FALSE,24,50
2930122,9,9,56.33,23.66,Climax GH2C-168-SS 1 11/16^ ID 2PC Recessed Screw Collar SS,117,GH2C-168-SS,0.7562,1,FALSE,24,50
2930123,9,9,13.71,5.76,Climax GH2C-175-B 1 3/4^ ID 2PC Recessed Screw Collar STL BO,117,GH2C-175-B,0.7562,1,FALSE,24,50
2930124,9,9,55,23.1,Climax GH2C-175-SS 1 3/4^ ID 2PC Recessed Screw Collar SS,117,GH2C-175-SS,0.7188,1,FALSE,24,50
2930125,9,9,15.07,6.33,Climax GH2C-187-B 1 7/8^ ID 2PC Recessed Screw Collar STL BO,117,GH2C-187-B,0.8625,1,FALSE,24,50
2930126,9,9,62.14,26.1,Climax GH2C-187-SS 1 7/8^ ID 2PC Recessed Screw Collar SS,117,GH2C-187-SS,0.8625,1,FALSE,24,50
2930127,9,9,12.95,5.44,Climax GH2C-193-B 1 15/16^ ID 2PC Recessed Screw Collar STL BO,117,GH2C-193-B,0.8375,1,FALSE,24,50
2930128,9,9,62.14,26.1,Climax GH2C-193-SS 1 15/16^ ID 2PC Recessed Screw Collar SS,117,GH2C-193-SS,0.8375,1,FALSE,24,50
2930129,9,9,12.95,5.44,Climax GH2C-200-B 2^ ID 2PC Recessed Screw Collar STL BO,117,GH2C-200-B,0.7938,1,FALSE,24,50
2930130,9,9,58.83,24.71,Climax GH2C-200-SS 2^ ID 2PC Recessed Screw Collar SS,117,GH2C-200-SS,0.7938,1,FALSE,24,50
2930131,9,9,16.69,7.01,Climax GH2C-212-B 2 1/8^ ID 2PC Recessed Screw Collar STL BO,117,GH2C-212-B,0.9375,1,FALSE,24,50
2930132,9,9,93.12,39.11,Climax GH2C-212-SS 2 1/8^ ID 2PC Recessed Screw Collar SS,117,GH2C-212-SS,0.9375,1,FALSE,24,50
2930133,9,9,16.83,7.07,Climax GH2C-218-B 2 3/16^ ID 2PC Recessed Screw Collar STL BO,117,GH2C-218-B,0.9125,1,FALSE,24,50
2930134,9,9,83.05,34.88,Climax GH2C-218-SS 2 3/16^ ID 2PC Recessed Screw Collar SS,117,GH2C-218-SS,0.9125,1,FALSE,24,50
2930135,9,9,17.21,7.23,Climax GH2C-225-B 2 1/4^ ID 2PC Recessed Screw Collar STL BO,117,GH2C-225-B,0.875,1,FALSE,24,50
2930136,9,9,73.95,31.06,Climax GH2C-225-SS 2 1/4^ ID 2PC Recessed Screw Collar SS,117,GH2C-225-SS,0.875,1,FALSE,24,50
2930137,9,9,20.19,8.48,Climax GH2C-237-B 2 5/16^ ID 2PC Recessed Screw Collar STL BO,117,GH2C-237-B,0.8375,1,FALSE,24,50
2930138,9,9,76.38,32.08,Climax GH2C-237-SS 2 3/8^ ID 2PC Recessed Screw Collar SS,117,GH2C-237-SS,0.8375,1,FALSE,24,50
2930139,9,9,32.33,13.58,Climax GH2C-243-B 2 7/16^ ID 2PC Recessed Screw Collar STL BO,117,GH2C-243-B,0.8062,1,FALSE,24,50
2930140,9,9,100.79,42.33,Climax GH2C-243-SS 2 7/16^ ID 2PC Recessed Screw Collar SS,117,GH2C-243-SS,0.8062,1,FALSE,24,50
2930141,9,9,32.71,13.74,Climax GH2C-250-B 2 1/2^ ID 2PC Recessed Screw Collar STL BO,117,GH2C-250-B,1.425,1,FALSE,24,50
2930142,9,9,113.07,47.49,Climax GH2C-250-SS 2 1/2^ ID 2PC Recessed Screw Collar SS,117,GH2C-250-SS,1.425,1,FALSE,24,50
2930143,9,9,39.07,16.41,Climax GH2C-262-B 2 5/8^ ID 2PC Recessed Screw Collar STL BO,117,GH2C-262-B,1.6625,1,FALSE,24,50
2930144,9,9,121.71,51.12,Climax GH2C-262-SS 2 5/8^ ID 2PC Recessed Screw Collar SS,117,GH2C-262-SS,1.6625,1,FALSE,24,50
2930145,9,9,39.74,16.69,Climax GH2C-268-B 2 11/16^ ID 2PC Recessed Screw Collar STL BO,117,GH2C-268-B,1.625,1,FALSE,24,50
2930146,9,9,35.9,15.08,Climax GH2C-275-B 2 3/4^ ID 2PC Recessed Screw Collar STL BO,117,GH2C-275-B,0.9438,1,FALSE,24,50
2930147,9,9,125.12,52.55,Climax GH2C-275-SS 2 3/4^ ID 2PC Recessed Screw Collar SS,117,GH2C-275-SS,1.5688,1,FALSE,24,50
2930148,9,9,36.83,15.47,Climax GH2C-287-B 2 7/8^ ID 2PC Recessed Screw Collar STL BO,117,GH2C-287-B,1.8125,1,FALSE,24,50
2930149,9,9,132.6,55.69,Climax GH2C-287-SS 2 7/8^ ID 2PC Recessed Screw Collar SS,117,GH2C-287-SS,1.8125,1,FALSE,24,50
2930150,9,9,33.64,14.13,Climax GH2C-293-B 2 15/16^ 2PC Recessed Screw Collar STL BO,117,GH2C-293-B,1.75,1,FALSE,24,50
2930151,9,9,132.6,55.69,Climax GH2C-293-SS 2 15/16^ ID 2PC Recessed Screw Collar SS,117,GH2C-293-SS,1.75,1,FALSE,24,50
2930152,9,9,33.52,14.08,Climax GH2C-300-B 3^ ID 2PC Recessed Screw Collar STL BO,117,GH2C-300-B,1.6625,1,FALSE,24,50
2930153,9,9,129.33,54.32,Climax GH2C-300-SS 3^ ID 2PC Recessed Screw Collar SS,117,GH2C-300-SS,1.6625,1,FALSE,24,50
2930154,9,9,2.67,1.12,Climax GM1C-03-B 3 mm ID SPLIT Metric Clamp Collar STL BO,115,GM1C-03-B,0.025,1,FALSE,24,50
2930155,9,9,6.5,2.73,Climax GM1C-03-SS 3 mm ID Stnlss Clmpng Clr Metric Clamp Collar SS,115,GM1C-03-SS,0.025,1,FALSE,24,50
2930156,9,9,2.67,1.12,Climax GM1C-04-B 4mm ID SPLIT Metric Clamp Collar STL BO,115,GM1C-04-B,0.025,1,FALSE,24,50
2930157,9,9,6.64,2.79,Climax GM1C-04-SS 4mm ID Stainless Split Metric Clamp Collar SS,115,GM1C-04-SS,0.025,1,FALSE,24,50
2930158,9,9,2.5,1.05,Climax GM1C-06-B 6 mm ID SPLIT Metric Clamp Collar STL BO,115,GM1C-06-B,0.0288,1,FALSE,24,50
2930159,9,9,6.64,2.79,Climax GM1C-06-SS 6 mm ID Stnlss Clmpng Clr Metric Clamp Collar SS,115,GM1C-06-SS,0.0288,1,FALSE,24,50
2930160,9,9,2.79,1.17,Climax GM1C-09-B 9 mm ID SPLIT Metric Clamp Collar STL BO,115,GM1C-09-B,0.0625,1,FALSE,24,50
2930161,9,9,8.21,3.45,Climax GM1C-09-SS 9 mm ID Stnlss Clmpng Clr Metric Clamp Collar SS,115,GM1C-09-SS,0.0625,1,FALSE,24,50
2930162,9,9,3.5,1.47,Climax GM1C-13-B 13mm ID SPLIT Metric Clamp Collar STL BO,115,GM1C-13-B,0.1,1,FALSE,24,50
2930163,9,9,8.88,3.73,Climax GM1C-13-SS 13mm ID Stainless Split Metric Clamp Collar SS,115,GM1C-13-SS,0.1,1,FALSE,24,50
2930164,9,9,4.07,1.71,Climax GM1C-17-B 17mm ID SPLIT Metric Clamp Collar STL BO,115,GM1C-17-B,0.1625,1,FALSE,24,50
2930165,9,9,11.95,5.02,Climax GM1C-17-SS 17mm ID Stainless Split Metric Clamp Collar SS,115,GM1C-17-SS,0.1625,1,FALSE,24,50
2930166,9,9,4.36,1.83,Climax GM1C-18-B 18mm ID SPLIT Metric Clamp Collar STL BO,115,GM1C-18-B,0.1562,1,FALSE,24,50
2930167,9,9,12.81,5.38,Climax GM1C-18-SS 18mm ID Stainless Split Metric Clamp Collar SS,115,GM1C-18-SS,0.1562,1,FALSE,24,50
2930168,9,9,18.19,7.64,Climax GM1C-55-B 55 mm ID SPLIT Metric Clamp Collar STL BO,115,GM1C-55-B,0.9062,1,FALSE,24,50
2930169,9,9,78.29,32.88,Climax GM1C-55-SS 55mm ID Stainless Split Metric Clamp Collar SS,115,GM1C-55-SS,0.9062,1,FALSE,24,50
2930170,9,9,29.4,12.35,Climax GM1C-65-B 65 mm ID SPLIT Metric Clamp Collar STL BO,115,GM1C-65-B,1.05,1,FALSE,24,50
2930171,9,9,103.33,43.4,Climax GM1C-65-SS 65mm ID Stainless Split Metric Clamp Collar SS,115,GM1C-65-SS,1.05,1,FALSE,24,50
2930172,9,9,30.1,12.64,Climax GM1C-70-B 70 mm ID SPLIT Metric Clamp Collar STL BO,115,GM1C-70-B,1.1438,1,FALSE,24,50
2930173,9,9,109.6,46.03,Climax GM1C-70-SS 70mm ID Stainless Split Metric Clamp Collar SS,115,GM1C-70-SS,1.1438,1,FALSE,24,50
2930174,9,9,32.19,13.52,Climax GM1C-75-B 75 mm ID SPLIT Metric Clamp Collar STL BO,115,GM1C-75-B,1.2188,1,FALSE,24,50
2930175,9,9,125.26,52.61,Climax GM1C-75-SS 75mm ID Stainless Split Metric Clamp Collar SS,115,GM1C-75-SS,1.2188,1,FALSE,24,50
2930176,9,9,41.98,17.63,Climax GM1C-80-B 80 mm ID SPLIT Metric Clamp Collar STL BO,115,GM1C-80-B,1.275,1,FALSE,24,50
2930177,9,9,131.52,55.24,Climax GM1C-80-SS 80mm ID Stainless Split Metric Clamp Collar SS,115,GM1C-80-SS,1.275,1,FALSE,24,50
2930178,9,9,5.17,2.17,Climax GM2C-03-B 3 mm ID 2PC Metric Clamp Collar STL BO,117,GM2C-03-B,0.025,1,FALSE,24,50
2930179,9,9,14.33,6.02,Climax GM2C-03-SS 3 mm ID 2PC Metric Clamp Collar SS,117,GM2C-03-SS,0.025,1,FALSE,24,50
2930180,9,9,5.17,2.17,Climax GM2C-04-B 4mm ID 2PC Metric Clamp Collar STL BO,117,GM2C-04-B,0.025,1,FALSE,24,50
2930181,9,9,14.33,6.02,Climax GM2C-04-SS 4mm ID 2PC Metric Clamp Collar SS,117,GM2C-04-SS,0.025,1,FALSE,24,50
2930182,9,9,4.88,2.05,Climax GM2C-06-B 6 mm ID 2PC Metric Clamp Collar STL BO,117,GM2C-06-B,0.0288,1,FALSE,24,50
2930183,9,9,11.95,5.02,Climax GM2C-06-SS 6 mm ID 2PC Metric Clamp Collar SS,117,GM2C-06-SS,0.0288,1,FALSE,24,50
2930184,9,9,5.17,2.17,Climax GM2C-09-B 9 mm ID 2PC Metric Clamp Collar STL BO,117,GM2C-09-B,0.0506,1,FALSE,24,50
2930185,9,9,11.62,4.88,Climax GM2C-09-SS 9 mm ID 2PC Metric Clamp Collar SS,117,GM2C-09-SS,0.0506,1,FALSE,24,50
2930186,9,9,5.6,2.35,Climax GM2C-13-B 13mm ID 2PC Metric Clamp Collar STL BO,117,GM2C-13-B,0.0938,1,FALSE,24,50
2930187,9,9,13.33,5.6,Climax GM2C-13-SS 13mm ID 2PC Metric Clamp Collar SS,117,GM2C-13-SS,0.0938,1,FALSE,24,50
2930188,9,9,6.45,2.71,Climax GM2C-17-B 17mm ID 2PC Metric Clamp Collar STL BO,117,GM2C-17-B,0.1625,1,FALSE,24,50
2930189,9,9,17.93,7.53,Climax GM2C-17-SS 17mm ID 2PC Metric Clamp Collar SS,117,GM2C-17-SS,0.1625,1,FALSE,24,50
2930190,9,9,6.74,2.83,Climax GM2C-18-B 18mm ID 2PC Metric Clamp Collar STL BO,117,GM2C-18-B,0.15,1,FALSE,24,50
2930191,9,9,18.12,7.61,Climax GM2C-18-SS 18mm ID 2PC Metric Clamp Collar SS,117,GM2C-18-SS,0.15,1,FALSE,24,50
2930192,9,9,21.83,9.17,Climax GM2C-55-B 55 mm ID 2PC Metric Clamp Collar STL BO,117,GM2C-55-B,0.875,1,FALSE,24,50
2930193,9,9,97.07,40.77,Climax GM2C-55-SS 55mm ID 2PC Metric Clamp Collar SS,117,GM2C-55-SS,0.875,1,FALSE,24,50
2930194,9,9,35.69,14.99,Climax GM2C-65-B 65 mm ID 2PC Metric Clamp Collar STL BO,117,GM2C-65-B,1.0438,1,FALSE,24,50
2930195,9,9,119,49.98,Climax GM2C-65-SS 65mm ID 2PC Metric Clamp Collar SS,117,GM2C-65-SS,1.0438,1,FALSE,24,50
2930196,9,9,36.26,15.23,Climax GM2C-70-B 70 mm ID 2PC Metric Clamp Collar STL BO,117,GM2C-70-B,1.1062,1,FALSE,24,50
2930197,9,9,122.14,51.3,Climax GM2C-70-SS 70mm ID 2PC Metric Clamp Collar SS,117,GM2C-70-SS,1.1062,1,FALSE,24,50
2930198,9,9,43.38,18.22,Climax GM2C-75-B 75 mm ID 2PC Metric Clamp Collar STL BO,117,GM2C-75-B,1.175,1,FALSE,24,50
2930199,9,9,145.64,61.17,Climax GM2C-75-SS 75mm ID 2PC Metric Clamp Collar SS,117,GM2C-75-SS,1.175,1,FALSE,24,50
2930200,9,9,49,20.58,Climax GM2C-80-B 80 mm ID 2PC Metric Clamp Collar STL BO,117,GM2C-80-B,1.2312,1,FALSE,24,50
2930201,9,9,153.45,64.45,Climax GM2C-80-SS 80mm ID 2PC Metric Clamp Collar SS,117,GM2C-80-SS,1.2312,1,FALSE,24,50
2930202,9,9,1.24,0.52,Climax GMC-09-B 9 mm ID Metric Set Collar STL BO,116,GMC-09-B,0.0188,1,FALSE,24,50
2930203,9,9,4.64,1.95,Climax GMC-09-SS 9 mm ID Metric Set Collar SS,116,GMC-09-SS,0.0188,1,FALSE,24,50
2930204,9,9,1.52,0.64,Climax GMC-13-B 13 mm ID Metric Set Collar STL BO,116,GMC-13-B,0.0625,1,FALSE,24,50
2930205,9,9,4.95,2.08,Climax GMC-13-SS 13 mm ID Metric Set Collar SS,116,GMC-13-SS,0.0625,1,FALSE,24,50
2930206,9,9,1.55,0.65,Climax GMC-14-B 14 mm ID Metric Set Collar STL BO,116,GMC-14-B,0.0625,1,FALSE,24,50
2930207,9,9,5.07,2.13,Climax GMC-14-SS 14 mm ID Metric Set Collar SS,116,GMC-14-SS,0.0625,1,FALSE,24,50
2930208,9,9,1.6,0.67,Climax GMC-16-B 16 mm ID Metric Set Collar STL BO,116,GMC-16-B,0.0812,1,FALSE,24,50
2930209,9,9,5.9,2.48,Climax GMC-16-SS 16 mm ID Metric Set Collar SS,116,GMC-16-SS,0.0812,1,FALSE,24,50
2930210,9,9,2.02,0.85,Climax GMC-18-B 18 mm ID Metric Set Collar STL BO,116,GMC-18-B,0.125,1,FALSE,24,50
2930211,9,9,9.17,3.85,Climax GMC-18-SS 18 mm ID Metric Set Collar SS,116,GMC-18-SS,0.125,1,FALSE,24,50
2930212,9,9,2.48,1.04,Climax GMC-24-B 24mm ID Metric Set Collar STL BO,116,GMC-24-B,0.1875,1,FALSE,24,50
2930213,9,9,12.4,5.21,Climax GMC-24-SS 24 mm ID Metric Set Collar SS,116,GMC-24-SS,0.1875,1,FALSE,24,50
2930214,9,9,2.9,1.22,Climax GMC-28-B 28 mm ID Metric Set Collar STL BO,116,GMC-28-B,0.2562,1,FALSE,24,50
2930215,9,9,16.52,6.94,Climax GMC-28-SS 28 mm ID Metric Set Collar SS,116,GMC-28-SS,0.2562,1,FALSE,24,50
2930216,9,9,3.76,1.58,Climax GMC-32-B 32 mm ID Metric Set Collar STL BO,116,GMC-32-B,0.3062,1,FALSE,24,50
2930217,9,9,20.71,8.7,Climax GMC-32-SS 32 mm ID Metric Set Collar SS,116,GMC-32-SS,0.3062,1,FALSE,24,50
2930218,9,9,4.14,1.74,Climax GMC-34-B 34 mm ID Metric Set Collar STL BO,116,GMC-34-B,0.2819,1,FALSE,24,50
2930219,9,9,21.9,9.2,Climax GMC-34-SS 34 mm ID Metric Set Collar SS,116,GMC-34-SS,0.2819,1,FALSE,24,50
2930220,9,9,4.55,1.91,Climax GMC-36-B 36mm ID Metric Set Collar STL BO,116,GMC-36-B,0.3812,1,FALSE,24,50
2930221,9,9,22.64,9.51,Climax GMC-36-SS 36 mm ID Metric Set Collar SS,116,GMC-36-SS,0.3812,1,FALSE,24,50
2930222,9,9,4.64,1.95,Climax GMC-38-B 38 mm ID Metric Set Collar STL BO,116,GMC-38-B,0.3562,1,FALSE,24,50
2930223,9,9,23.02,9.67,Climax GMC-38-SS 38 mm ID Metric Set Collar SS,116,GMC-38-SS,0.3562,1,FALSE,24,50
2930224,9,9,7.83,3.29,Climax GMC-45-B 45 mm ID Metric Set Collar STL BO,116,GMC-45-B,0.7875,1,FALSE,24,50
2930225,9,9,52.14,21.9,Climax GMC-45-SS 45 mm ID Metric Set Collar SS,116,GMC-45-SS,0.7875,1,FALSE,24,50
2930226,9,9,20.29,8.52,Climax GMSCC-06-06 6mm X 6mm ID SPLIT Metric Clamp Coupling STL BO,152,GMSCC-06-06,0.1,1,FALSE,24,50
2930227,9,9,35.64,14.97,Climax GMSCC-06-06-S 6mm X 6mm ID SPLIT Metric Clamp Coupling SS,152,GMSCC-06-06-S,0.099431,1,FALSE,24,50
2930228,9,9,24.33,10.22,Climax GMSCC-08-08 8mm X 8mm ID SPLIT Metric Clamp Coupling STL BO,152,GMSCC-08-08,0.175,1,FALSE,24,50
2930229,9,9,39.19,16.46,Climax GMSCC-08-08-S 8mm X 8mm ID SPLIT Metric Clamp Coupling SS,152,GMSCC-08-08-S,0.174005,1,FALSE,24,50
2930230,9,9,25.86,10.86,Climax GMSCC-09-09 9mm X 9mm ID SPLIT Metric Clamp Coupling STL BO,152,GMSCC-09-09,0.175,1,FALSE,24,50
2930231,9,9,41.62,17.48,Climax GMSCC-09-09-S 9mm X 9mm ID SPLIT Metric Clamp Coupling SS,152,GMSCC-09-09-S,0.174005,1,FALSE,24,50
2930232,9,9,26.38,11.08,Climax GMSCC-10-10 10mm X 10mm ID SPLIT Metric Clamp Coupling STL BO,152,GMSCC-10-10,0.4331,1,FALSE,24,50
2930233,9,9,47.83,20.09,Climax GMSCC-10-10-S 10mm X 10mm ID SPLIT Metric Clamp Coupling SS,152,GMSCC-10-10-S,0.430639,1,FALSE,24,50
2930234,9,9,28,11.76,Climax GMSCC-12-12 12mm X 12mm ID SPLIT Metric Clamp Coupling STL BO,152,GMSCC-12-12,0.4062,1,FALSE,24,50
2930235,9,9,30,12.6,Climax GMSCC-12-12-KW 12mm X 12mm ID SPLIT KW Metric Clamp Coupling STL BO,152,GMSCC-12-12-KW,0.402591,1,FALSE,24,50
2930236,9,9,49.02,20.59,Climax GMSCC-12-12-S 12mm X 12mm ID SPLIT Metric Clamp Coupling SS,152,GMSCC-12-12-S,0.403892,1,FALSE,24,50
2930237,9,9,66.17,27.79,Climax GMSCC-12-12-SKW 12mm X 12mm ID SPLIT KW Metric Clamp Coupling SS,152,GMSCC-12-12-SKW,0.400304,1,FALSE,24,50
2930238,9,9,32.07,13.47,Climax GMSCC-14-14 14mm X 14mm ID SPLIT Metric Clamp Coupling STL BO,152,GMSCC-14-14,0.55,1,FALSE,24,50
2930239,9,9,36.5,15.33,Climax GMSCC-14-14-KW 14mm X 14mm ID SPLIT KW Metric Clamp Coupling STL BO,152,GMSCC-14-14-KW,0.545114,1,FALSE,24,50
2930240,9,9,66.33,27.86,Climax GMSCC-14-14-S 14mm X 14mm ID SPLIT Metric Clamp Coupling SS,152,GMSCC-14-14-S,0.546875,1,FALSE,24,50
2930241,9,9,91.31,38.35,Climax GMSCC-14-14-SKW 14mm X 14mm ID SPLIT KW Metric Clamp Coupling SS,152,GMSCC-14-14-SKW,0.542017,1,FALSE,24,50
2930242,9,9,32.86,13.8,Climax GMSCC-15-15 15mm X 15mm ID SPLIT Metric Clamp Coupling STL BO,152,GMSCC-15-15,0.5375,1,FALSE,24,50
2930243,9,9,37.43,15.72,Climax GMSCC-15-15-KW 15mm X 15mm ID SPLIT KW Metric Clamp Coupling STL BO,152,GMSCC-15-15-KW,0.534633,1,FALSE,24,50
2930244,9,9,67.17,28.21,Climax GMSCC-15-15-S 15mm X 15mm ID SPLIT Metric Clamp Coupling SS,152,GMSCC-15-15-S,0.534446,1,FALSE,24,50
2930245,9,9,92.45,38.83,Climax GMSCC-15-15-SKW 15mm X 15mm ID SPLIT KW Metric Clamp Coupling SS,152,GMSCC-15-15-SKW,0.531596,1,FALSE,24,50
2930246,9,9,33.26,13.97,Climax GMSCC-16-16 16mm X 16mm ID SPLIT Metric Clamp Coupling STL BO,152,GMSCC-16-16,0.525,1,FALSE,24,50
2930247,9,9,37.86,15.9,Climax GMSCC-16-16-KW 16mm X 16mm ID SPLIT KW Metric Clamp Coupling STL BO,152,GMSCC-16-16-KW,0.5222,1,FALSE,24,50
2930248,9,9,68,28.56,Climax GMSCC-16-16-S 16mm X 16mm ID SPLIT Metric Clamp Coupling SS,152,GMSCC-16-16-S,0.522017,1,FALSE,24,50
2930249,9,9,93.6,39.31,Climax GMSCC-16-16-SKW 16mm X 16mm ID SPLIT KW Metric Clamp Coupling SS,152,GMSCC-16-16-SKW,0.519233,1,FALSE,24,50
2930250,9,9,39.48,16.58,Climax GMSCC-20-20 20mm X 20mm ID SPLIT Metric Clamp Coupling STL BO,152,GMSCC-20-20,1.125,1,FALSE,24,50
2930251,9,9,43.26,18.17,Climax GMSCC-20-20-KW 20mm X 20mm ID SPLIT KW Metric Clamp Coupling STL BO,152,GMSCC-20-20-KW,1.116692,1,FALSE,24,50
2930252,9,9,108.52,45.58,Climax GMSCC-20-20-S 20mm X 20mm ID SPLIT Metric Clamp Coupling SS,152,GMSCC-20-20-S,1.118609,1,FALSE,24,50
2930253,9,9,123.83,52.01,Climax GMSCC-20-20-SKW 20mm X 20mm ID SPLIT KW Metric Clamp Coupling SS,152,GMSCC-20-20-SKW,1.110349,1,FALSE,24,50
2930254,9,9,42.88,18.01,Climax GMSCC-25-25 25mm X 25mm ID SPLIT Metric Clamp Coupling STL BO,152,GMSCC-25-25,1.3994,1,FALSE,24,50
2930255,9,9,47.6,19.99,Climax GMSCC-25-25-KW 25mm X 25mm ID SPLIT KW Metric Clamp Coupling STL BO,152,GMSCC-25-25-KW,1.390012,1,FALSE,24,50
2930256,9,9,137.81,57.88,Climax GMSCC-25-25-S 25mm X 25mm ID SPLIT Metric Clamp Coupling SS,152,GMSCC-25-25-S,1.391451,1,FALSE,24,50
2930257,9,9,137.69,57.83,Climax GMSCC-25-25-SKW 25mm X 25mm ID SPLIT KW Metric Clamp Coupling SS,152,GMSCC-25-25-SKW,1.382117,1,FALSE,24,50
2930258,9,9,55.07,23.13,Climax GMSCC-30-30 30mm X 30mm ID SPLIT Metric Clamp Coupling STL BO,152,GMSCC-30-30,2.2588,1,FALSE,24,50
2930259,9,9,62.74,26.35,Climax GMSCC-30-30-KW 30mm X 30mm ID SPLIT KW Metric Clamp Coupling STL BO,152,GMSCC-30-30-KW,2.247668,1,FALSE,24,50
2930260,9,9,173.07,72.69,Climax GMSCC-30-30-S 30mm X 30mm ID SPLIT Metric Clamp Coupling SS,152,GMSCC-30-30-S,2.245969,1,FALSE,24,50
2930261,9,9,195.93,82.29,Climax GMSCC-30-30-SKW 30mm X 30mm ID SPLIT KW Metric Clamp Coupling SS,152,GMSCC-30-30-SKW,2.234901,1,FALSE,24,50
2930262,9,9,68.02,28.57,Climax GMSCC-35-35 35mm X 35mm ID SPLIT Metric Clamp Coupling STL BO,152,GMSCC-35-35,2.4375,1,FALSE,24,50
2930263,9,9,75.57,31.74,Climax GMSCC-35-35-KW 35mm X 35mm ID SPLIT KW Metric Clamp Coupling STL BO,152,GMSCC-35-35-KW,2.425488,1,FALSE,24,50
2930264,9,9,227.69,95.63,Climax GMSCC-35-35-S 35mm X 35mm ID SPLIT Metric Clamp Coupling SS,152,GMSCC-35-35-S,2.423654,1,FALSE,24,50
2930265,9,9,235.31,98.83,Climax GMSCC-35-35-SKW 35mm X 35mm ID SPLIT KW Metric Clamp Coupling SS,152,GMSCC-35-35-SKW,2.41171,1,FALSE,24,50
2930266,9,9,123.29,51.78,Climax GMSCC-40-40 40mm X 40mm ID SPLIT Metric Clamp Coupling STL BO,152,GMSCC-40-40,5.625,1,FALSE,24,50
2930267,9,9,136.62,57.38,Climax GMSCC-40-40-KW 40mm X 40mm ID SPLIT KW Metric Clamp Coupling STL BO,152,GMSCC-40-40-KW,5.605695,1,FALSE,24,50
2930268,9,9,513.74,215.77,Climax GMSCC-40-40-S 40mm X 40mm ID SPLIT Metric Clamp Coupling SS,152,GMSCC-40-40-S,5.593048,1,FALSE,24,50
2930269,9,9,538.71,226.26,Climax GMSCC-40-40-SKW 40mm X 40mm ID SPLIT KW Metric Clamp Coupling SS,152,GMSCC-40-40-SKW,5.573854,1,FALSE,24,50
2930270,9,9,146.76,61.64,Climax GMSCC-50-50 50mm X 50mm ID SPLIT Metric Clamp Coupling STL BO,152,GMSCC-50-50,6.75,1,FALSE,24,50
2930271,9,9,163.52,68.68,Climax GMSCC-50-50-KW 50mm X 50mm ID SPLIT KW Metric Clamp Coupling STL BO,152,GMSCC-50-50-KW,6.731345,1,FALSE,24,50
2930272,9,9,0.83,0.35,Climax GSC-012-DT 1/8^ ID Set Screw Collar STLUNPLATED,116,GSC-012-DT,0.0062,1,FALSE,24,50
2930273,9,9,0.83,0.35,Climax GSC-018-DT 3/16^ ID Set Screw Collar STLUNPLATED,116,GSC-018-DT,0.0062,1,FALSE,24,50
2930274,9,9,0.83,0.35,Climax GSC-025-DT 1/4^ ID Set Screw Collar STLUNPLATED,116,GSC-025-DT,0.0125,1,FALSE,24,50
2930275,9,9,0.83,0.35,Climax GSC-031-DT 5/16^ ID Set Screw Collar STLUNPLATED,116,GSC-031-DT,0.0188,1,FALSE,24,50
2930276,9,9,0.88,0.37,Climax GSC-037-DT 3/8^ ID Set Screw Collar STLUNPLATED,116,GSC-037-DT,0.0312,1,FALSE,24,50
2930277,9,9,0.93,0.39,Climax GSC-043-DT 7/16^ ID Set Screw Collar STLUNPLATED,116,GSC-043-DT,0.05,1,FALSE,24,50
2930278,9,9,0.98,0.41,Climax GSC-050-DT 1/2^ ID Set Screw Collar STLUNPLATED,116,GSC-050-DT,0.0688,1,FALSE,24,50
2930279,9,9,1,0.42,Climax GSC-056-DT 9/16^ ID Set Screw Collar STLUNPLATED,116,GSC-056-DT,0.0625,1,FALSE,24,50
2930280,9,9,1.19,0.5,Climax GSC-062-DT 5/8^ ID Set Screw Collar STLUNPLATED,116,GSC-062-DT,0.0938,1,FALSE,24,50
2930281,9,9,1.43,0.6,Climax GSC-068-B 11/16^ ID Set Screw Collar STL BO,116,GSC-068-B,0.125,1,FALSE,24,50
2930282,9,9,1.43,0.6,Climax GSC-068-DT 11/16^ ID Set Screw Collar STLUNPLATED,116,GSC-068-DT,0.125,1,FALSE,24,50
2930283,9,9,5.71,2.4,Climax GSC-068-SS 11/16^ ID Set Screw Collar SS,116,GSC-068-SS,0.124289,1,FALSE,24,50
2930284,9,9,1.17,0.49,Climax GSC-068-Z 11/16^ ID Set Screw Collar STL Zinc,116,GSC-068-Z,0.125,1,FALSE,24,50
2930285,9,9,1.5,0.63,Climax GSC-075-DT 3/4^ ID Set Screw Collar STLUNPLATED,116,GSC-075-DT,0.1188,1,FALSE,24,50
2930286,9,9,1.5,0.63,Climax GSC-081-DT 13/16^ ID Set Screw Collar STLUNPLATED,116,GSC-081-DT,0.1062,1,FALSE,24,50
2930287,9,9,1.55,0.65,Climax GSC-087-DT 7/8^ ID Set Screw Collar STLUNPLATED,116,GSC-087-DT,0.1812,1,FALSE,24,50
2930288,9,9,1.69,0.71,Climax GSC-093-DT 15/16^ ID Set Screw Collar STLUNPLATED,116,GSC-093-DT,0.1712,1,FALSE,24,50
2930289,9,9,2.02,0.85,Climax GSC-100-DT 1^ ID Set Screw Collar STLUNPLATED,116,GSC-100-DT,0.1738,1,FALSE,24,50
2930290,9,9,2.5,1.05,Climax GSC-106-DT 1 1/16^ ID Set Screw Collar STLUNPLATED,116,GSC-106-DT,0.2562,1,FALSE,24,50
2930291,9,9,2.57,1.08,Climax GSC-112-DT 1 1/8^ ID Set Screw Collar STLUNPLATED,116,GSC-112-DT,0.2438,1,FALSE,24,50
2930292,9,9,2.86,1.2,Climax GSC-118-DT 1 3/16^ ID Set Screw Collar STLUNPLATED,116,GSC-118-DT,0.3812,1,FALSE,24,50
2930293,9,9,3.05,1.28,Climax GSC-125-DT 1 1/4^ ID Set Screw Collar STLUNPLATED,116,GSC-125-DT,0.3562,1,FALSE,24,50
2930294,9,9,3.05,1.28,Climax GSC-131-DT 1 5/16^ ID Set Screw Collar STLUNPLATED,116,GSC-131-DT,0.4125,1,FALSE,24,50
2930295,9,9,3.31,1.39,Climax GSC-137-DT 1 3/8^ ID Set Screw Collar STLUNPLATED,116,GSC-137-DT,0.4188,1,FALSE,24,50
2930296,9,9,3.62,1.52,Climax GSC-143-DT 1 7/16^ ID Set Screw Collar STLUNPLATED,116,GSC-143-DT,0.475,1,FALSE,24,50
2930297,9,9,4.05,1.7,Climax GSC-150-DT 1 1/2^ ID Set Screw Collar STLUNPLATED,116,GSC-150-DT,0.45,1,FALSE,24,50
2930298,9,9,4.67,1.96,Climax GSC-156-DT 1 9/16^ ID Set Screw Collar STLUNPLATED,116,GSC-156-DT,0.6688,1,FALSE,24,50
2930299,9,9,4.81,2.02,Climax GSC-162-DT 1 5/8^ ID Set Screw Collar STLUNPLATED,116,GSC-162-DT,0.6312,1,FALSE,24,50
2930300,9,9,5,2.1,Climax GSC-168-DT 1 11/16^ ID Set Screw Collar STLUNPLATED,116,GSC-168-DT,0.5938,1,FALSE,24,50
2930301,9,9,6.14,2.58,Climax GSC-175-DT 1 3/4^ ID Set Screw Collar STLUNPLATED,116,GSC-175-DT,0.7125,1,FALSE,24,50
2930302,9,9,6.45,2.71,Climax GSC-181-DT 1 13/16^ ID Set Screw Collar STLUNPLATED,116,GSC-181-DT,0.7938,1,FALSE,24,50
2930303,9,9,6.67,2.8,Climax GSC-187-DT 1 7/8^ ID Set Screw Collar STLUNPLATED,116,GSC-187-DT,0.7625,1,FALSE,24,50
2930304,9,9,7.38,3.1,Climax GSC-193-DT 1 15/16^ ID Set Screw Collar STLUNPLATED,116,GSC-193-DT,0.9812,1,FALSE,24,50
2930305,9,9,7.4,3.11,Climax GSC-200-DT 2^ ID Set Screw Collar STLUNPLATED,116,GSC-200-DT,0.9312,1,FALSE,24,50
2930306,9,9,46.79,19.65,Climax GSC-206-SS 2 1/16^ ID Set Screw Collar SS,116,GSC-206-SS,0.92591,1,FALSE,24,50
2930307,9,9,6.57,2.76,Climax GSC-206-Z 2 1/16^ ID Set Screw Collar STL Zinc,116,GSC-206-Z,0.9312,1,FALSE,24,50
2930308,9,9,7.67,3.22,Climax GSC-212-DT 2 1/8^ ID Set Screw Collar STLUNPLATED,116,GSC-212-DT,0.8312,1,FALSE,24,50
2930309,9,9,8.81,3.7,Climax GSC-218-DT 2 3/16^ ID Set Screw Collar STLUNPLATED,116,GSC-218-DT,1.1625,1,FALSE,24,50
2930310,9,9,8.67,3.64,Climax GSC-225-DT 2 1/4^ ID Set Screw Collar STLUNPLATED,116,GSC-225-DT,1.1062,1,FALSE,24,50
2930311,9,9,8.95,3.76,Climax GSC-231-B 2 5/16^ ID Set Screw Collar STL BO,116,GSC-231-B,1.05,1,FALSE,24,50
2930312,9,9,8.95,3.76,Climax GSC-231-DT 2 5/16^ ID Set Screw Collar STLUNPLATED,116,GSC-231-DT,1.05,1,FALSE,24,50
2930313,9,9,7.62,3.2,Climax GSC-231-Z 2 5/16^ ID Set Screw Collar STL Zinc,116,GSC-231-Z,1.05,1,FALSE,24,50
2930314,9,9,8.98,3.77,Climax GSC-237-DT 2 3/8^ ID Set Screw Collar STLUNPLATED,116,GSC-237-DT,0.9938,1,FALSE,24,50
2930315,9,9,9.83,4.13,Climax GSC-243-DT 2 7/16^ ID Set Screw Collar STLUNPLATED,116,GSC-243-DT,1.3625,1,FALSE,24,50
2930316,9,9,9.88,4.15,Climax GSC-250-DT 2 1/2^ ID Set Screw Collar STLUNPLATED,116,GSC-250-DT,1.3,1,FALSE,24,50
2930317,9,9,11.36,4.77,Climax GSC-256-B 2 9/16^ ID Set Screw Collar STL BO,116,GSC-256-B,1.6225,1,FALSE,24,50
2930318,9,9,11.36,4.77,Climax GSC-256-DT 2 9/16^ ID Set Screw Collar STLUNPLATED,116,GSC-256-DT,1.6225,1,FALSE,24,50
2930319,9,9,79.33,33.32,Climax GSC-256-SS 2 9/16^ ID Set Screw Collar SS,116,GSC-256-SS,1.613283,1,FALSE,24,50
2930320,9,9,9.52,4,Climax GSC-256-Z 2 9/16^ ID Set Screw Collar STL Zinc,116,GSC-256-Z,1.6225,1,FALSE,24,50
2930321,9,9,12.43,5.22,Climax GSC-262-DT 2 5/8^ ID Set Screw Collar STLUNPLATED,116,GSC-262-DT,2.2181,1,FALSE,24,50
2930322,9,9,13.45,5.65,Climax GSC-268-B 2 11/16^ ID Set Screw Collar STL BO,116,GSC-268-B,2.15,1,FALSE,24,50
2930323,9,9,13.45,5.65,Climax GSC-268-DT 2 11/16^ ID Set Screw Collar STLUNPLATED,116,GSC-268-DT,2.15,1,FALSE,24,50
2930324,9,9,87.05,36.56,Climax GSC-268-SS 2 11/16^ ID Set Screw Collar SS,116,GSC-268-SS,2.137787,1,FALSE,24,50
2930325,9,9,11.21,4.71,Climax GSC-268-Z 2 11/16^ ID Set Screw Collar STL Zinc,116,GSC-268-Z,2.15,1,FALSE,24,50
2930326,9,9,14.33,6.02,Climax GSC-275-DT 2 3/4^ ID Set Screw Collar STLUNPLATED,116,GSC-275-DT,2.0938,1,FALSE,24,50
2930327,9,9,14.33,6.02,Climax GSC-281-B 2 13/16^ ID Set Screw Collar STL BO,116,GSC-281-B,1.8562,1,FALSE,24,50
2930328,9,9,14.33,6.02,Climax GSC-281-DT 2 13/16^ ID Set Screw Collar STLUNPLATED,116,GSC-281-DT,1.8562,1,FALSE,24,50
2930329,9,9,12.52,5.26,Climax GSC-281-Z 2 13/16^ ID Set Screw Collar STL Zinc,116,GSC-281-Z,1.8563,1,FALSE,24,50
2930330,9,9,14.33,6.02,Climax GSC-287-DT 2 7/8^ ID Set Screw Collar STLUNPLATED,116,GSC-287-DT,1.8562,1,FALSE,24,50
2930331,9,9,15.6,6.55,Climax GSC-293-DT 2 15/16^ ID Set Screw Collar STLUNPLATED,116,GSC-293-DT,1.8312,1,FALSE,24,50
2930332,9,9,15.6,6.55,Climax GSC-300-DT 3^ ID Set Screw Collar STLUNPLATED,116,GSC-300-DT,1.7312,1,FALSE,24,50
2930333,9,9,17.64,7.41,Climax GSC-325-Z 3-1/4^ ID Set Screw Collar STL Zinc,116,GSC-325-Z,2.1875,1,FALSE,24,50
2930334,9,9,20.36,8.55,Climax GSC-343-B 3 7/16^ ID Set Screw Collar STL BO,116,GSC-343-B,2.0625,1,FALSE,24,50
2930335,9,9,20.36,8.55,Climax GSC-343-DT 3 7/16^ ID Set Screw Collar STLUNPLATED,116,GSC-343-DT,2.5438,1,FALSE,24,50
2930336,9,9,18.48,7.76,Climax GSC-343-Z 3 7/16^ ID Set Screw Collar STL Zinc,116,GSC-343-Z,2.0625,1,FALSE,24,50
2930337,9,9,18.81,7.9,Climax GSC-350-Z 3 1/2^ ID Set Screw Collar STL Zinc,116,GSC-350-Z,2.5438,1,FALSE,24,50
2930338,9,9,21.45,9.01,Climax GSC-393-B 3 15/16^ ID Set Screw Collar STL BO,116,GSC-393-B,2.35,1,FALSE,24,50
2930339,9,9,21.45,9.01,Climax GSC-393-DT 3 15/16^ ID Set Screw Collar STLUNPLATED,116,GSC-393-DT,2.35,1,FALSE,24,50
2930340,9,9,19.45,8.17,Climax GSC-393-Z 3 15/16^ ID Set Screw Collar STL Zinc,116,GSC-393-Z,2.35,1,FALSE,24,50
2930341,9,9,21.83,9.17,Climax GSC-400-Z 4^ ID Stl Set Screw Clr Set Screw Collar STL Zinc,116,GSC-400-Z,2.4375,1,FALSE,24,50
2930342,9,9,28.55,11.99,Climax GSCC-025-025-S 1/4^ X 1/4^ ID SPLIT Clamp Coupling SS,152,GSCC-025-025-S,0.140497,1,FALSE,24,50
2930343,9,9,11.57,4.86,Climax GSCC-037-025 3/8^ X 1/4^ ID SPLIT Clamp Coupling STL BO,152,GSCC-037-025,0.3206,1,FALSE,24,50
2930344,9,9,36.86,15.48,Climax GSCC-037-025-S 3/8^ X 1/4^ ID SPLIT Clamp Coupling SS,152,GSCC-037-025-S,0.318778,1,FALSE,24,50
2930345,9,9,31.93,13.41,Climax GSCC-037-037-S 3/8 X 3/8 ID SPLIT Clamp Coupling SS,152,GSCC-037-037-S,0.308239,1,FALSE,24,50
2930346,9,9,17.14,7.2,Climax GSCC-050-037 1/2^ X 3/8^ ID SPLIT Clamp Coupling STL BO,152,GSCC-050-037,0.5069,1,FALSE,24,50
2930347,9,9,42.95,18.04,Climax GSCC-050-037-S 1/2^ X 3/8^ ID SPLIT Clamp Coupling SS,152,GSCC-050-037-S,0.50402,1,FALSE,24,50
2930348,9,9,36.86,15.48,Climax GSCC-050-050-S 1/2^ X 1/2^ ID SPLIT Clamp Coupling SS,152,GSCC-050-050-S,0.478566,1,FALSE,24,50
2930349,9,9,50.76,21.32,Climax GSCC-050-050SKW 1/2^ X 1/2^ ID SPLIT KW Clamp Coupling SS,152,GSCC-050-050SKW,0.474314,1,FALSE,24,50
2930350,9,9,20.02,8.41,Climax GSCC-062-050 5/8^ X 1/2^ ID SPLIT Clamp Coupling STL BO,152,GSCC-062-050,0.8312,1,FALSE,24,50
2930351,9,9,60.43,25.38,Climax GSCC-062-050-S 5/8^ X 1/2^ ID SPLIT Clamp Coupling SS,152,GSCC-062-050-S,0.826478,1,FALSE,24,50
2930352,9,9,57.36,24.09,Climax GSCC-062-062-S 5/8^ X 5/8^ ID SPLIT Clamp Coupling SS,152,GSCC-062-062-S,0.826578,1,FALSE,24,50
2930353,9,9,73.45,30.85,Climax GSCC-062-062SKW 5/8^ X 5/8^ ID SPLIT KW Clamp Coupling SS,152,GSCC-062-062SKW,0.822169,1,FALSE,24,50
2930354,9,9,22.21,9.33,Climax GSCC-075-050 3/4^ x 1/2^ ID SPLIT Clamp Coupling STL BO,152,GSCC-075-050,0.7625,1,FALSE,24,50
2930355,9,9,65.45,27.49,Climax GSCC-075-050-S 3/4^ X 1/2^ ID SPLIT Clamp Coupling SS,152,GSCC-075-050-S,0.758168,1,FALSE,24,50
2930356,9,9,23.62,9.92,Climax GSCC-075-062 3/4^ x 5/8^ ID SPLIT Clamp Coupling STL BO,152,GSCC-075-062,0.7625,1,FALSE,24,50
2930357,9,9,67.24,28.24,Climax GSCC-075-062-S 3/4^ x 5/8^ ID SPLIT Clamp Coupling SS,152,GSCC-075-062-S,0.758168,1,FALSE,24,50
2930358,9,9,64.02,26.89,Climax GSCC-075-075-S 3/4^ X 3/4^ ID SPLIT Clamp Coupling SS,152,GSCC-075-075-S,1.298879,1,FALSE,24,50
2930359,9,9,83.83,35.21,Climax GSCC-075-075SKW 3/4^ X 3/4^ ID SPLIT KW Clamp Coupling SS,152,GSCC-075-075SKW,1.289288,1,FALSE,24,50
2930360,9,9,28.62,12.02,Climax GSCC-087-062 7/8^ x 5/8^ ID SPLIT Clamp Coupling STL BO,152,GSCC-087-062,0.9625,1,FALSE,24,50
2930361,9,9,87.6,36.79,Climax GSCC-087-062-S 7/8^ X 5/8^ ID SPLIT Clamp Coupling SS,152,GSCC-087-062-S,0.957032,1,FALSE,24,50
2930362,9,9,80.24,33.7,Climax GSCC-087-087-S 7/8^ X 7/8^ ID SPLIT Clamp Coupling SS,152,GSCC-087-087-S,1.578482,1,FALSE,24,50
2930363,9,9,102.33,42.98,Climax GSCC-087-087SKW 7/8^ X 7/8^ ID SPLIT KW Clamp Coupling SS,152,GSCC-087-087SKW,1.449991,1,FALSE,24,50
2930364,9,9,32.71,13.74,Climax GSCC-100-050 1^ X 1/2^ ID SPLIT Clamp Coupling STL BO,152,GSCC-100-050,2.05,1,FALSE,24,50
2930365,9,9,99.88,41.95,Climax GSCC-100-050-S 1^ X 1/2^ ID SPLIT Clamp Coupling SS,152,GSCC-100-050-S,2.038355,1,FALSE,24,50
2930366,9,9,32.62,13.7,Climax GSCC-100-075 1^ x 3/4^ ID SPLIT Clamp Coupling STL BO,152,GSCC-100-075,1.25,1,FALSE,24,50
2930367,9,9,99.88,41.95,Climax GSCC-100-075-S 1^ X 3/4^ ID SPLIT Clamp Coupling SS,152,GSCC-100-075-S,1.242899,1,FALSE,24,50
2930368,9,9,79.71,33.48,Climax GSCC-100-100-S 1^X1^ID x 1-3/4^OD X3^L 1-PC SPLIT T304 STAINLESS COUPLING,152,GSCC-100-100-S,1.802204,1,FALSE,24,50
2930369,9,9,119.38,50.14,Climax GSCC-100-100SKW 1^ X 1^ ID SPLIT KW Clamp Coupling SS,152,GSCC-100-100SKW,1.790115,1,FALSE,24,50
2930370,9,9,49.36,20.73,Climax GSCC-112-100 1 1/8^ X 1^ ID SPLIT Clamp Coupling STL BO,152,GSCC-112-100,1.375,1,FALSE,24,50
2930371,9,9,126.52,53.14,Climax GSCC-112-100-S 1 1/8^ X 1^ ID SPLIT Clamp Coupling SS,152,GSCC-112-100-S,1.367189,1,FALSE,24,50
2930372,9,9,114,47.88,Climax GSCC-112-112-S 1 1/8^ X 1 1/8^ ID SPLIT Clamp Coupling SS,152,GSCC-112-112-S,1.367189,1,FALSE,24,50
2930373,9,9,150.21,63.09,Climax GSCC-112-112SKW 1 1/8^ X 1 1/8^ ID SPLIT KW Clamp Coupling SS,152,GSCC-112-112SKW,1.358018,1,FALSE,24,50
2930374,9,9,44.43,18.66,Climax GSCC-125-100 1 1/4^ x 1^ ID SPLIT Clamp Coupling STL BO,152,GSCC-125-100,1.775,1,FALSE,24,50
2930375,9,9,126.64,53.19,Climax GSCC-125-100-S 1 1/4^ X 1^ ID SPLIT Clamp Coupling SS,152,GSCC-125-100-S,1.764917,1,FALSE,24,50
2930376,9,9,122.19,51.32,Climax GSCC-125-125-S 1 1/4^ X 1 1/4^ ID SPLIT Clamp Coupling SS,152,GSCC-125-125-S,1.764917,1,FALSE,24,50
2930377,9,9,162.86,68.4,Climax GSCC-125-125SKW 1 1/4^ X 1 1/4^ ID SPLIT KW Clamp Coupling SS,152,GSCC-125-125SKW,1.75622,1,FALSE,24,50
2930378,9,9,62.79,26.37,Climax GSCC-137-100 1 3/8^ x 1^ ID SPLIT Clamp Coupling STL BO,152,GSCC-137-100,2.3125,1,FALSE,24,50
2930379,9,9,180.88,75.97,Climax GSCC-137-100-S 1 3/8 x 1^ ID SPLIT Clamp Coupling SS,152,GSCC-137-100-S,2.299364,1,FALSE,24,50
2930380,9,9,154.12,64.73,Climax GSCC-137-137-S 1 3/8^ x 1 3/8^ ID SPLIT Clamp Coupling SS,152,GSCC-137-137-S,2.299364,1,FALSE,24,50
2930381,9,9,69.36,29.13,Climax GSCC-150-100 1 1/2^ x 1^ ID SPLIT Clamp Coupling STL BO,152,GSCC-150-100,3.0938,1,FALSE,24,50
2930382,9,9,180.38,75.76,Climax GSCC-150-100-S 1 1/2^ x 1^ ID SPLIT Clamp Coupling SS,152,GSCC-150-100-S,3.076226,1,FALSE,24,50
2930383,9,9,162.62,68.3,Climax GSCC-150-150-S 1 1/2^ X 1 1/2^ ID SPLIT Clamp Coupling SS,152,GSCC-150-150-S,3.076226,1,FALSE,24,50
2930384,9,9,195.26,82.01,Climax GSCC-150-150SKW 1 1/2^ X 1 1/2^ ID SPLIT KW Clamp Coupling SS,152,GSCC-150-150SKW,3.065669,1,FALSE,24,50
2930385,9,9,103.88,43.63,Climax GSCC-175-175 1 3/4^ X 1 3/4^ ID SPLIT Clamp Coupling STL BO,152,GSCC-175-175,3.0938,1,FALSE,24,50
2930386,9,9,120.31,50.53,Climax GSCC-175-175-KW 1 3/4^ X 1 3/4^ ID SPLIT KW Clamp Coupling STL BO,152,GSCC-175-175-KW,3.083182,1,FALSE,24,50
2930387,9,9,118.88,49.93,Climax GSCC-200-200 2^ X 2^ ID SPLIT Clamp Coupling STL BO,152,GSCC-200-200,6.6875,1,FALSE,24,50
2930388,9,9,142.88,60.01,Climax GSCC-200-200-KW 2^ X 2^ ID SPLIT KW Clamp Coupling STL BO,152,GSCC-200-200-KW,6.669018,1,FALSE,24,50
2930389,9,9,359.9,151.16,Climax GSCC-200-200-S 2^ X 2^ ID SPLIT Clamp Coupling SS,152,GSCC-200-200-S,6.649513,1,FALSE,24,50
2930390,9,9,387.07,162.57,Climax GSCC-200-200SKW 2^ X 2^ ID SPLIT KW Clamp Coupling SS,152,GSCC-200-200SKW,6.631136,1,FALSE,24,50
2930391,9,9,2.79,1.17,Climax GSTC-010-32-B 10-32 ID SPLIT Threaded Clamp Collar STL BO,118,GSTC-010-32-B,0.0269,1,FALSE,24,50
2930392,9,9,6.64,2.79,Climax GSTC-010-32-SS 10-32 ID SPLIT Threaded Clamp Collar SS,118,GSTC-010-32-SS,0.026747,1,FALSE,24,50
2930393,9,9,2.79,1.17,Climax GSTC-025-20-B 1/4^-20 ID SPLIT Threaded Clamp Collar STL BO,118,GSTC-025-20-B,0.025,1,FALSE,24,50
2930394,9,9,6.64,2.79,Climax GSTC-025-20-SS 1/4^-20 ID SPLIT Threaded Clamp Collar SS,118,GSTC-025-20-SS,0.024857,1,FALSE,24,50
2930395,9,9,2.79,1.17,Climax GSTC-025-28-B 1/4^-28 ID SPLIT Threaded Clamp Collar STL BO,118,GSTC-025-28-B,0.0256,1,FALSE,24,50
2930396,9,9,6.64,2.79,Climax GSTC-025-28-SS 1/4^-28 ID SPLIT Threaded Clamp Collar SS,118,GSTC-025-28-SS,0.025454,1,FALSE,24,50
2930397,9,9,2.79,1.17,Climax GSTC-031-18-B 5/16^-18 ID SPLIT Threaded Clamp Collar STL BO,118,GSTC-031-18-B,0.025,1,FALSE,24,50
2930398,9,9,6.64,2.79,Climax GSTC-031-18-SS 5/16^-18 ID SPLIT Threaded Clamp Collar SS,118,GSTC-031-18-SS,0.024857,1,FALSE,24,50
2930399,9,9,2.79,1.17,Climax GSTC-031-24-B 5/16^-24 ID SPLIT Threaded Clamp Collar STL BO,118,GSTC-031-24-B,0.025,1,FALSE,24,50
2930400,9,9,6.64,2.79,Climax GSTC-031-24-SS 5/16^-24 ID SPLIT Threaded Clamp Collar SS,118,GSTC-031-24-SS,0.024857,1,FALSE,24,50
2930401,9,9,2.95,1.24,Climax GSTC-037-16-B 3/8^-16 ID SPLIT Threaded Clamp Collar STL BO,118,GSTC-037-16-B,0.05,1,FALSE,24,50
2930402,9,9,6.98,2.93,Climax GSTC-037-16-SS 3/8^-16 ID SPLIT Threaded Clamp Collar SS,118,GSTC-037-16-SS,0.049715,1,FALSE,24,50
2930403,9,9,2.95,1.24,Climax GSTC-037-24-B 3/8^-24 ID SPLIT Threaded Clamp Collar STL BO,118,GSTC-037-24-B,0.0462,1,FALSE,24,50
2930404,9,9,6.98,2.93,Climax GSTC-037-24-SS 3/8^-24 ID SPLIT Threaded Clamp Collar SS,118,GSTC-037-24-SS,0.045937,1,FALSE,24,50
2930405,9,9,3.07,1.29,Climax GSTC-043-14-B 7/16^-14 ID SPLIT Threaded Clamp Collar STL BO,118,GSTC-043-14-B,0.0875,1,FALSE,24,50
2930406,9,9,8.5,3.57,Climax GSTC-043-14-SS 7/16^-14 ID SPLIT Threaded Clamp Collar SS,118,GSTC-043-14-SS,0.087002,1,FALSE,24,50
2930407,9,9,3.07,1.29,Climax GSTC-043-20-B 7/16^-20 ID SPLIT Threaded Clamp Collar STL BO,118,GSTC-043-20-B,0.0875,1,FALSE,24,50
2930408,9,9,8.5,3.57,Climax GSTC-043-20-SS 7/16^-20 ID SPLIT Threaded Clamp Collar SS,118,GSTC-043-20-SS,0.087002,1,FALSE,24,50
2930409,9,9,3.24,1.36,Climax GSTC-050-13-B 1/2^-13 ID SPLIT Threaded Clamp Collar STL BO,118,GSTC-050-13-B,0.0875,1,FALSE,24,50
2930410,9,9,9.05,3.8,Climax GSTC-050-13-SS 1/2^-13 ID SPLIT Threaded Clamp Collar SS,118,GSTC-050-13-SS,0.087002,1,FALSE,24,50
2930411,9,9,3.24,1.36,Climax GSTC-050-20-B 1/2^-20 ID SPLIT Threaded Clamp Collar STL BO,118,GSTC-050-20-B,0.0875,1,FALSE,24,50
2930412,9,9,9.05,3.8,Climax GSTC-050-20-SS 1/2^-20 ID SPLIT Threaded Clamp Collar SS,118,GSTC-050-20-SS,0.087002,1,FALSE,24,50
2930413,9,9,4.21,1.77,Climax GSTC-062-11-B 5/8^-11 ID SPLIT Threaded Clamp Collar STL BO,118,GSTC-062-11-B,0.125,1,FALSE,24,50
2930414,9,9,10.38,4.36,Climax GSTC-062-11-SS 5/8^-11 ID SPLIT Threaded Clamp Collar SS,118,GSTC-062-11-SS,0.124289,1,FALSE,24,50
2930415,9,9,4.21,1.77,Climax GSTC-062-18-B 5/8^-18 ID SPLIT Threaded Clamp Collar STL BO,118,GSTC-062-18-B,0.125,1,FALSE,24,50
2930416,9,9,10.38,4.36,Climax GSTC-062-18-SS 5/8^-18 ID SPLIT Threaded Clamp Collar SS,118,GSTC-062-18-SS,0.124289,1,FALSE,24,50
2930417,9,9,4.6,1.93,Climax GSTC-075-10-B 3/4^-10 ID SPLIT Threaded Clamp Collar STL BO,118,GSTC-075-10-B,0.1812,1,FALSE,24,50
2930418,9,9,13.76,5.78,Climax GSTC-075-10-SS 3/4^-10 ID SPLIT Threaded Clamp Collar SS,118,GSTC-075-10-SS,0.18017,1,FALSE,24,50
2930419,9,9,4.6,1.93,Climax GSTC-075-16-B 3/4^-16 ID SPLIT Threaded Clamp Collar STL BO,118,GSTC-075-16-B,0.175,1,FALSE,24,50
2930420,9,9,13.76,5.78,Climax GSTC-075-16-SS 3/4^-16 ID SPLIT Threaded Clamp Collar SS,118,GSTC-075-16-SS,0.174005,1,FALSE,24,50
2930421,9,9,4.76,2,Climax GSTC-087-09-B 7/8^-9 ID SPLIT Threaded Clamp Collar STL BO,118,GSTC-087-09-B,0.175,1,FALSE,24,50
2930422,9,9,16,6.72,Climax GSTC-087-09-SS 7/8^-9 ID SPLIT Threaded Clamp Collar SS,118,GSTC-087-09-SS,0.174005,1,FALSE,24,50
2930423,9,9,4.76,2,Climax GSTC-087-14-B 7/8^-14 ID SPLIT Threaded Clamp Collar STL BO,118,GSTC-087-14-B,0.175,1,FALSE,24,50
2930424,9,9,16,6.72,Climax GSTC-087-14-SS 7/8^-14 ID SPLIT Threaded Clamp Collar SS,118,GSTC-087-14-SS,0.174005,1,FALSE,24,50
2930425,9,9,5.6,2.35,Climax GSTC-100-08-B 1^-8 ID SPLIT Threaded Clamp Collar STL BO,118,GSTC-100-08-B,0.215,1,FALSE,24,50
2930426,9,9,16.79,7.05,Climax GSTC-100-08-SS 1^-8 ID SPLIT Threaded Clamp Collar SS,118,GSTC-100-08-SS,0.213778,1,FALSE,24,50
2930427,9,9,5.6,2.35,Climax GSTC-100-12-B 1^-12 ID SPLIT Threaded Clamp Collar STL BO,118,GSTC-100-12-B,0.215,1,FALSE,24,50
2930428,9,9,16.79,7.05,Climax GSTC-100-12-SS 1^-12 ID SPLIT Threaded Clamp Collar SS,118,GSTC-100-12-SS,0.213778,1,FALSE,24,50
2930429,9,9,5.6,2.35,Climax GSTC-100-14-B 1^-14 ID SPLIT Threaded Clamp Collar STL BO,118,GSTC-100-14-B,0.2188,1,FALSE,24,50
2930430,9,9,16.79,7.05,Climax GSTC-100-14-SS 1^-14 ID SPLIT Threaded Clamp Collar SS,118,GSTC-100-14-SS,0.217557,1,FALSE,24,50
2930431,9,9,7.81,3.28,Climax GSTC-112-12-B 1 1/8^-12 ID SPLIT Threaded Clamp Collar STL BO,118,GSTC-112-12-B,0.2375,1,FALSE,24,50
2930432,9,9,22.33,9.38,Climax GSTC-112-12-SS 1 1/8^-12 ID SPLIT Threaded Clamp Collar SS,118,GSTC-112-12-SS,0.23615,1,FALSE,24,50
2930433,9,9,8.05,3.38,Climax GSTC-125-07-B 1 1/4^-7 ID SPLIT Threaded Clamp Collar STL BO,118,GSTC-125-07-B,0.2938,1,FALSE,24,50
2930434,9,9,26.14,10.98,Climax GSTC-125-07-SS 1 1/4^-7 ID SPLIT Threaded Clamp Collar SS,118,GSTC-125-07-SS,0.292131,1,FALSE,24,50
2930435,9,9,8.05,3.38,Climax GSTC-125-12-B 1 1/4^-12 ID SPLIT Threaded Clamp Collar STL BO,118,GSTC-125-12-B,0.2875,1,FALSE,24,50
2930436,9,9,26.14,10.98,Climax GSTC-125-12-SS 1 1/4^-12 ID SPLIT Threaded Clamp Collar SS,118,GSTC-125-12-SS,0.285866,1,FALSE,24,50
2930437,9,9,10.1,4.24,Climax GSTC-137-06-B 3/8^-06 ID SPLIT Threaded Clamp Collar STL BO,118,GSTC-137-06-B,0.0438,1,FALSE,24,50
2930438,9,9,10.62,4.46,Climax GSTC-137-12-B 3/8^-12 ID SPLIT Threaded Clamp Collar STL BO,118,GSTC-137-12-B,0.0438,1,FALSE,24,50
2930439,9,9,11.12,4.67,Climax GSTC-150-06-B 1 1/2^-6 ID SPLIT Threaded Clamp Collar STL BO,118,GSTC-150-06-B,0.4188,1,FALSE,24,50
2930440,9,9,11.38,4.78,Climax GSTC-150-12-B 1 1/2^-12 ID SPLIT Threaded Clamp Collar STL BO,118,GSTC-150-12-B,0.4125,1,FALSE,24,50
2930441,9,9,28.43,11.94,Climax GSTC-150-12-SS 1 1/2^-12 ID SPLIT Threaded Clamp Collar SS,118,GSTC-150-12-SS,0.410156,1,FALSE,24,50
2930442,9,9,18.05,7.58,Climax GSTC-200-12-B 2-12^ ID SPLIT Threaded Clamp Collar STL BO,118,GSTC-200-12-B,0.7375,1,FALSE,24,50
2930443,9,9,97.12,38.85,Climax ISCC-143-143 1 PC. CLAMP COUPLING 1-7/16^ID 2-5/8^ OD X 3-7/8^ L B/O STL,152,ISCC-143-143,3.125,1,FALSE,24,50
2930444,9,9,116.22,46.49,Climax ISCC-143-143-KW 1 7/16^ X 1 7/16^ ID SPLIT KW Clamp Coupling STL BO,152,ISCC-143-143-KW,3.083182,1,FALSE,24,50
2930445,9,9,269.23,107.69,Climax ISCC-143-143-S 1 7/16X1 7/16 STNLS CPLG SPLIT Clamp Coupling SS,152,ISCC-143-143-S,3.076226,1,FALSE,24,50
2930446,9,9,320.18,128.07,Climax ISCC-143-143SKW 1 7/16X1 7/16 STNLS CPLG SPLIT Clamp Coupling SS,152,ISCC-143-143SKW,3.065669,1,FALSE,24,50
2930447,9,9,124.51,49.8,Climax ISCC-193-193 1 15/16^ X 1 15/16^ ID SPLIT Clamp Coupling STL BO,152,ISCC-193-193,6.6875,1,FALSE,24,50
2930448,9,9,147.39,58.96,Climax ISCC-193-193-KW 1 15/16X1 15/16 STAINLESS CPLG Clamp Coupling STL BO,152,ISCC-193-193-KW,6.669018,1,FALSE,24,50
2930449,9,9,273.02,109.21,Climax ISCC-193-193-S 1 15/16X1 15/16 STAINLESS CPLG Clamp Coupling SS,152,ISCC-193-193-S,6.649513,1,FALSE,24,50
2930450,9,9,438.31,175.32,Climax ISCC-193-193SKW 1 15/16X1 15/16 STNLS CPLG SPL Clamp Coupling SS,152,ISCC-193-193SKW,6.631136,1,FALSE,24,50
