id</li></ul>,additional_description</li></ul>
5976668</li></ul>,<p>Specifications</p><ul><li>Cover Screw Size: #10-32 x 5/8</li><li>Cover Screw Material: 304 Stainless Steel</li><li>Back Panel Screw Size: #10-32x3/8</li><li>Cover Screw Torque: 20-24 in-lbs</li><li>Mounting Feet Inserts: 1/4-20x1/2</li><li>Mounting Feet Torque: 14-16 in-lbs</li><li>Metal Inserts: All threaded brass inserts accepting #10-32 screws</li><li>with EMI/RFI Shielding</li></ul>
5976657</li></ul>,<p>Specifications</p><ul><li>Cover Screw Size: #10-32 x 5/8</li><li>Cover Screw Material: 304 Stainless Steel</li><li>Back Panel Screw Size: #10-32x3/8</li><li>Cover Screw Torque: 20-24 in-lbs</li><li>Mounting Feet Inserts: 1/4-20x1/2</li><li>Mounting Feet Torque: 14-16 in-lbs</li><li>Metal Inserts: All threaded brass inserts accepting #10-32 screws</li><li>with EMI/RFI Shielding</li></ul>
5976670</li></ul>,<p>Specifications</p><ul><li>Cover Screw Size: #10-32 x 5/8</li><li>Cover Screw Material: 304 Stainless Steel</li><li>Back Panel Screw Size: #10-32x3/8</li><li>Cover Screw Torque: 20-24 in-lbs</li><li>Mounting Feet Inserts: 1/4-20x1/2</li><li>Mounting Feet Torque: 14-16 in-lbs</li><li>Metal Inserts: All threaded brass inserts accepting #10-32 screws</li><li>with EMI/RFI Shielding</li></ul>
5976656</li></ul>,<p>Specifications</p><ul><li>Cover Screw Size: #10-32 x 5/8</li><li>Cover Screw Material: 304 Stainless Steel</li><li>Back Panel Screw Size: #10-32x3/8</li><li>Cover Screw Torque: 20-24 in-lbs</li><li>Mounting Feet Torque: 14-16 in-lbs</li><li>Metal Inserts: All threaded brass inserts accepting #10-32 screws</li><li>with EMI/RFI Shielding</li></ul>
5976669</li></ul>,<p>Specifications</p><ul><li>Cover Screw Size: #10-32 x 5/8</li><li>Cover Screw Material: 304 Stainless Steel</li><li>Back Panel Screw Size: #10-32x3/8</li><li>Cover Screw Torque: 20-24 in-lbs</li><li>Mounting Feet Torque: 14-16 in-lbs</li><li>Metal Inserts: All threaded brass inserts accepting #10-32 screws</li><li>with EMI/RFI Shielding</li></ul>
5976658</li></ul>,<p>Specifications</p><ul><li>Cover Screw Size: #10-32 x 5/8</li><li>Cover Screw Material: 304 Stainless Steel</li><li>Back Panel Screw Size: #10-32x3/8</li><li>Cover Screw Torque: 20-24 in-lbs</li><li>Mounting Feet Inserts: 1/4-20x1/2</li><li>Mounting Feet Torque: 14-16 in-lbs</li><li>Metal Inserts: All threaded brass inserts accepting #10-32 screws</li><li>with EMI/RFI Shielding</li></ul>
5976671</li></ul>,<p>Specifications</p><ul><li>Cover Screw Size: #10-32 x 5/8</li><li>Cover Screw Material: 304 Stainless Steel</li><li>Back Panel Screw Size: #10-32x3/8</li><li>Cover Screw Torque: 20-24 in-lbs</li><li>Mounting Feet Inserts: 1/4-20x1/2</li><li>Mounting Feet Torque: 14-16 in-lbs</li><li>Metal Inserts: All threaded brass inserts accepting #10-32 screws</li><li>with EMI/RFI Shielding</li></ul>
5976659</li></ul>,<p>Specifications</p><ul><li>Cover Screw Size: #10-32 x 5/8</li><li>Cover Screw Material: 304 Stainless Steel</li><li>Back Panel Screw Size: #10-32x3/8</li><li>Cover Screw Torque: 20-24 in-lbs</li><li>Mounting Feet Torque: 14-16 in-lbs</li><li>Metal Inserts: All threaded brass inserts accepting #10-32 screws</li><li>with EMI/RFI Shielding</li></ul>
5976672</li></ul>,<p>Specifications</p><ul><li>Cover Screw Size: #10-32 x 5/8</li><li>Cover Screw Material: 304 Stainless Steel</li><li>Back Panel Screw Size: #10-32x3/8</li><li>Cover Screw Torque: 20-24 in-lbs</li><li>Mounting Feet Torque: 14-16 in-lbs</li><li>Metal Inserts: All threaded brass inserts accepting #10-32 screws</li><li>with EMI/RFI Shielding</li></ul>
5976647</li></ul>,<p>Specifications</p><ul><li>Cover Screw Size: #10-32 x 5/8</li><li>Cover Screw Material: 304 Stainless Steel</li><li>Back Panel Screw Size: #10-32x3/8</li><li>Cover Screw Torque: 20-24 in-lbs</li><li>Mounting Feet Inserts: 1/4-20x1/2</li><li>Mounting Feet Torque: 14-16 in-lbs</li><li>Metal Inserts: All threaded brass inserts accepting #10-32 screws</li><li>with EMI/RFI Shielding</li></ul>
5976660</li></ul>,<p>Specifications</p><ul><li>Cover Screw Size: #10-32 x 5/8</li><li>Cover Screw Material: 304 Stainless Steel</li><li>Back Panel Screw Size: #10-32x3/8</li><li>Cover Screw Torque: 20-24 in-lbs</li><li>Mounting Feet Inserts: 1/4-20x1/2</li><li>Mounting Feet Torque: 14-16 in-lbs</li><li>Metal Inserts: All threaded brass inserts accepting #10-32 screws</li><li>with EMI/RFI Shielding</li></ul>
5976648</li></ul>,<p>Specifications</p><ul><li>Cover Screw Size: #10-32 x 5/8</li><li>Cover Screw Material: 304 Stainless Steel</li><li>Back Panel Screw Size: #10-32x3/8</li><li>Cover Screw Torque: 20-24 in-lbs</li><li>Mounting Feet Inserts: 1/4-20x1/2</li><li>Mounting Feet Torque: 14-16 in-lbs</li><li>Metal Inserts: All threaded brass inserts accepting #10-32 screws</li><li>with EMI/RFI Shielding</li></ul>
5976661</li></ul>,<p>Specifications</p><ul><li>Cover Screw Size: #10-32 x 5/8</li><li>Cover Screw Material: 304 Stainless Steel</li><li>Back Panel Screw Size: #10-32x3/8</li><li>Cover Screw Torque: 20-24 in-lbs</li><li>Mounting Feet Inserts: 1/4-20x1/2</li><li>Mounting Feet Torque: 14-16 in-lbs</li><li>Metal Inserts: All threaded brass inserts accepting #10-32 screws</li><li>with EMI/RFI Shielding</li></ul>
5976649</li></ul>,<p>Specifications</p><ul><li>Cover Screw Size: #10-32 x 5/8</li><li>Cover Screw Material: 304 Stainless Steel</li><li>Back Panel Screw Size: #10-32x3/8</li><li>Cover Screw Torque: 20-24 in-lbs</li><li>Mounting Feet Inserts: 1/4-20x1/2</li><li>Mounting Feet Torque: 14-16 in-lbs</li><li>Metal Inserts: All threaded brass inserts accepting #10-32 screws</li><li>with EMI/RFI Shielding</li></ul>
5976662</li></ul>,<p>Specifications</p><ul><li>Cover Screw Size: #10-32 x 5/8</li><li>Cover Screw Material: 304 Stainless Steel</li><li>Back Panel Screw Size: #10-32x3/8</li><li>Cover Screw Torque: 20-24 in-lbs</li><li>Mounting Feet Inserts: 1/4-20x1/2</li><li>Mounting Feet Torque: 14-16 in-lbs</li><li>Metal Inserts: All threaded brass inserts accepting #10-32 screws</li><li>with EMI/RFI Shielding</li></ul>
5976665</li></ul>,<p>Specifications</p><ul><li>Cover Screw Size: #10-32 x 5/8</li><li>Cover Screw Material: 304 Stainless Steel</li><li>Back Panel Screw Size: #10-32x3/8</li><li>Cover Screw Torque: 20-24 in-lbs</li><li>Mounting Feet Inserts: 1/4-20x1/2</li><li>Mounting Feet Torque: 14-16 in-lbs</li><li>Metal Inserts: All threaded brass inserts accepting #10-32 screws</li><li>with EMI/RFI Shielding</li></ul>
5976650</li></ul>,<p>Specifications</p><ul><li>Cover Screw Size: #10-32 x 5/8</li><li>Cover Screw Material: 304 Stainless Steel</li><li>Back Panel Screw Size: #10-32x3/8</li><li>Cover Screw Torque: 20-24 in-lbs</li><li>Mounting Feet Inserts: 1/4-20x1/2</li><li>Mounting Feet Torque: 14-16 in-lbs</li><li>Metal Inserts: All threaded brass inserts accepting #10-32 screws</li><li>with EMI/RFI Shielding</li></ul>
5976663</li></ul>,<p>Specifications</p><ul><li>Cover Screw Size: #10-32 x 5/8</li><li>Cover Screw Material: 304 Stainless Steel</li><li>Back Panel Screw Size: #10-32x3/8</li><li>Cover Screw Torque: 20-24 in-lbs</li><li>Mounting Feet Inserts: 1/4-20x1/2</li><li>Mounting Feet Torque: 14-16 in-lbs</li><li>Metal Inserts: All threaded brass inserts accepting #10-32 screws</li><li>with EMI/RFI Shielding</li></ul>
5976651</li></ul>,<p>Specifications</p><ul><li>Cover Screw Size: #10-32 x 5/8</li><li>Cover Screw Material: 304 Stainless Steel</li><li>Back Panel Screw Size: #10-32x3/8</li><li>Cover Screw Torque: 20-24 in-lbs</li><li>Mounting Feet Inserts: 1/4-20x1/2</li><li>Mounting Feet Torque: 14-16 in-lbs</li><li>Metal Inserts: All threaded brass inserts accepting #10-32 screws</li><li>with EMI/RFI Shielding</li></ul>
5976664</li></ul>,<p>Specifications</p><ul><li>Cover Screw Size: #10-32 x 5/8</li><li>Cover Screw Material: 304 Stainless Steel</li><li>Back Panel Screw Size: #10-32x3/8</li><li>Cover Screw Torque: 20-24 in-lbs</li><li>Mounting Feet Inserts: 1/4-20x1/2</li><li>Mounting Feet Torque: 14-16 in-lbs</li><li>Metal Inserts: All threaded brass inserts accepting #10-32 screws</li><li>with EMI/RFI Shielding</li></ul>
5976653</li></ul>,<p>Specifications</p><ul><li>Cover Screw Size: #10-32 x 5/8</li><li>Cover Screw Material: 304 Stainless Steel</li><li>Back Panel Screw Size: #10-32x3/8</li><li>Cover Screw Torque: 20-24 in-lbs</li><li>Mounting Feet Inserts: 1/4-20x1/2</li><li>Mounting Feet Torque: 14-16 in-lbs</li><li>Metal Inserts: All threaded brass inserts accepting #10-32 screws</li><li>with EMI/RFI Shielding</li></ul>
5976666</li></ul>,<p>Specifications</p><ul><li>Cover Screw Size: #10-32 x 5/8</li><li>Cover Screw Material: 304 Stainless Steel</li><li>Back Panel Screw Size: #10-32x3/8</li><li>Cover Screw Torque: 20-24 in-lbs</li><li>Mounting Feet Inserts: 1/4-20x1/2</li><li>Mounting Feet Torque: 14-16 in-lbs</li><li>Metal Inserts: All threaded brass inserts accepting #10-32 screws</li><li>with EMI/RFI Shielding</li></ul>
5976654</li></ul>,<p>Specifications</p><ul><li>Cover Screw Size: #10-32 x 5/8</li><li>Cover Screw Material: 304 Stainless Steel</li><li>Back Panel Screw Size: #10-32x3/8</li><li>Cover Screw Torque: 20-24 in-lbs</li><li>Mounting Feet Inserts: 1/4-20x1/2</li><li>Mounting Feet Torque: 14-16 in-lbs</li><li>Metal Inserts: All threaded brass inserts accepting #10-32 screws</li><li>with EMI/RFI Shielding</li></ul>
5976667</li></ul>,<p>Specifications</p><ul><li>Cover Screw Size: #10-32 x 5/8</li><li>Cover Screw Material: 304 Stainless Steel</li><li>Back Panel Screw Size: #10-32x3/8</li><li>Cover Screw Torque: 20-24 in-lbs</li><li>Mounting Feet Inserts: 1/4-20x1/2</li><li>Mounting Feet Torque: 14-16 in-lbs</li><li>Metal Inserts: All threaded brass inserts accepting #10-32 screws</li><li>with EMI/RFI Shielding</li></ul>
5976655</li></ul>,<p>Specifications</p><ul><li>Cover Screw Size: #10-32 x 5/8</li><li>Cover Screw Material: 304 Stainless Steel</li><li>Back Panel Screw Size: #10-32x3/8</li><li>Cover Screw Torque: 20-24 in-lbs</li><li>Mounting Feet Inserts: 1/4-20x1/2</li><li>Mounting Feet Torque: 14-16 in-lbs</li><li>Metal Inserts: All threaded brass inserts accepting #10-32 screws</li><li>with EMI/RFI Shielding</li></ul>
