"ID","NAME","URL","DOC_TYPE"
6375343,"Installation manual","https://cdnmedia.regalbeloit.com/images/d120001/medias/docus/4402/Installation%20Manual_Grove%20Gear_Worms.pdf","1"
6249840,"Installation manual","https://cdnmedia.regalbeloit.com/images/d120001/medias/docus/4402/Installation%20Manual_Grove%20Gear_Worms.pdf","1"
6042376,"Installation manual","https://cdnmedia.regalbeloit.com/images/d120001/medias/docus/4402/Installation%20Manual_Grove%20Gear_Worms.pdf","1"
5813245,"Installation manual","https://cdnmedia.regalbeloit.com/images/d120001/medias/docus/4402/Installation%20Manual_Grove%20Gear_Worms.pdf","1"
5825451,"Installation manual","https://cdnmedia.regalbeloit.com/images/d120001/medias/docus/4402/Installation%20Manual_Grove%20Gear_Worms.pdf","1"
6374000,"Installation manual","https://cdnmedia.regalbeloit.com/images/d120001/medias/docus/4402/Installation%20Manual_Grove%20Gear_Worms.pdf","1"
6422222,"Installation manual","https://cdnmedia.regalbeloit.com/images/d120001/medias/docus/4402/Installation%20Manual_Grove%20Gear_Worms.pdf","1"
1340465,"Installation manual","https://cdnmedia.regalbeloit.com/images/d120001/medias/docus/4402/Installation%20Manual_Grove%20Gear_Worms.pdf","1"
6042752,"Installation manual","https://cdnmedia.regalbeloit.com/images/d120001/medias/docus/4402/Installation%20Manual_Grove%20Gear_Worms.pdf","1"
6042181,"Installation manual","https://cdnmedia.regalbeloit.com/images/d120001/medias/docus/4402/Installation%20Manual_Grove%20Gear_Worms.pdf","1"
1340465,"Installation manual","https://cdnmedia.regalbeloit.com/images/d120001/medias/docus/4402/Installation%20Manual_Grove%20Gear_Worms.pdf","1"
6374292,"Installation manual","https://cdnmedia.regalbeloit.com/images/d120001/medias/docus/4402/Installation%20Manual_Grove%20Gear_Worms.pdf","1"
6163422,"Installation manual","https://cdnmedia.regalbeloit.com/images/d120001/medias/docus/4402/Installation%20Manual_Grove%20Gear_Worms.pdf","1"
6373718,"Installation manual","https://cdnmedia.regalbeloit.com/images/d120001/medias/docus/4402/Installation%20Manual_Grove%20Gear_Worms.pdf","1"
6348511,"Installation manual","https://cdnmedia.regalbeloit.com/images/d120001/medias/docus/4402/Installation%20Manual_Grove%20Gear_Worms.pdf","1"
6054883,"Installation manual","https://cdnmedia.regalbeloit.com/images/d120001/medias/docus/4402/Installation%20Manual_Grove%20Gear_Worms.pdf","1"
2039337,"Installation manual","https://cdnmedia.regalbeloit.com/images/d120001/medias/docus/4402/Installation%20Manual_Grove%20Gear_Worms.pdf","1"
2930498,"Installation manual","https://cdnmedia.regalbeloit.com/images/d120001/medias/docus/4402/Installation%20Manual_Grove%20Gear_Worms.pdf","1"
6329870,"Installation manual","https://cdnmedia.regalbeloit.com/images/d120001/medias/docus/4402/Installation%20Manual_Grove%20Gear_Worms.pdf","1"
6034651,"Installation manual","https://cdnmedia.regalbeloit.com/images/d120001/medias/docus/4402/Installation%20Manual_Grove%20Gear_Worms.pdf","1"
6133109,"Installation manual","https://cdnmedia.regalbeloit.com/images/d120001/medias/docus/4402/Installation%20Manual_Grove%20Gear_Worms.pdf","1"
6422188,"Installation manual","https://cdnmedia.regalbeloit.com/images/d120001/medias/docus/4402/Installation%20Manual_Grove%20Gear_Worms.pdf","1"
6101264,"Installation manual","https://cdnmedia.regalbeloit.com/images/d120001/medias/docus/4402/Installation%20Manual_Grove%20Gear_Worms.pdf","1"
2833018,"Installation manual","https://cdnmedia.regalbeloit.com/images/d120001/medias/docus/4402/Installation%20Manual_Grove%20Gear_Worms.pdf","1"
228598,"Installation manual","https://cdnmedia.regalbeloit.com/images/d120001/medias/docus/4402/Installation%20Manual_Grove%20Gear_Bravo%20and%20Quadro%20Worms.pdf","1"
6376047,"Installation manual","https://cdnmedia.regalbeloit.com/images/d120001/medias/docus/4402/Installation%20Manual_Grove%20Gear_Bravo%20and%20Quadro%20Worms.pdf","1"
6422441,"Installation manual","https://cdnmedia.regalbeloit.com/images/d120001/medias/docus/4402/Installation%20Manual_Grove%20Gear_Worms.pdf","1"
2862097,"Installation manual","https://cdnmedia.regalbeloit.com/images/d120001/medias/docus/4402/Installation%20Manual_Grove%20Gear_Worms.pdf","1"
6422250,"Installation manual","https://cdnmedia.regalbeloit.com/images/d120001/medias/docus/4402/Installation%20Manual_Grove%20Gear_Worms.pdf","1"
6253236,"Installation manual","https://cdnmedia.regalbeloit.com/images/d120001/medias/docus/4402/Installation%20Manual_Grove%20Gear_Worms.pdf","1"
2844744,"Installation manual","https://cdnmedia.regalbeloit.com/images/d120001/medias/docus/4402/Installation%20Manual_Grove%20Gear_Bravo%20and%20Quadro%20Worms.pdf","1"
5834929,"Installation manual","https://cdnmedia.regalbeloit.com/images/d120001/medias/docus/4402/Installation%20Manual_Grove%20Gear_Worms.pdf","1"
1343110,"Installation manual","https://cdnmedia.regalbeloit.com/images/d120001/medias/docus/4402/Installation%20Manual_Grove%20Gear_Worms.pdf","1"
5827135,"Installation manual","https://cdnmedia.regalbeloit.com/images/d120001/medias/docus/4402/Installation%20Manual_Grove%20Gear_Worms.pdf","1"
5803578,"Installation manual","https://cdnmedia.regalbeloit.com/images/d120001/medias/docus/4402/Installation%20Manual_Grove%20Gear_Worms.pdf","1"
