ID,ATTRIBUTES
518696,Series Code:Planetgear (PGSTK) Parts & Kits|Volume:9.974
757169,Series Code:Planetgear (PGSTK) Parts & Kits|Volume:2.265
757181,Series Code:Planetgear (PGSTK) Parts & Kits|Volume:2.265
757388,Series Code:Planetgear (PGSTK) Parts & Kits|Volume:1.994
757389,Series Code:Planetgear (PGSTK) Parts & Kits|Volume:0.218
757391,Series Code:Planetgear (PGSTK) Parts & Kits|Volume:3.034
757392,Series Code:Planetgear (PGSTK) Parts & Kits|Volume:3.034
757393,Series Code:Planetgear (PGSTK) Parts & Kits|Volume:0.295
757397,Series Code:Planetgear (PGSTK) Parts & Kits|Volume:2.514
757402,Series Code:Planetgear (PGSTK) Parts & Kits|Volume:0.269
757403,Series Code:Planetgear (PGSTK) Parts & Kits|Volume:0.269
757825,Series Code:Planetgear (PGSTK) Parts & Kits|Volume:0.956
757826,Series Code:Planetgear (PGSTK) Parts & Kits|Volume:0.283
757827,Series Code:Planetgear (PGSTK) Parts & Kits|Volume:0.956
757828,Series Code:Planetgear (PGSTK) Parts & Kits|Volume:0.956
757829,Series Code:Planetgear (PGSTK) Parts & Kits|Volume:0.956
757830,Series Code:Planetgear (PGSTK) Parts & Kits|Volume:0.283
757831,Series Code:Planetgear (PGSTK) Parts & Kits|Volume:0.956
757832,Series Code:Planetgear (PGSTK) Parts & Kits|Volume:0.956
757834,Series Code:Planetgear (PGSTK) Parts & Kits|Volume:0.283
757835,Series Code:Planetgear (PGSTK) Parts & Kits|Volume:0.956
757836,Series Code:Planetgear (PGSTK) Parts & Kits|Volume:0.283
757837,Series Code:Planetgear (PGSTK) Parts & Kits|Volume:0.956
757838,Series Code:Planetgear (PGSTK) Parts & Kits|Volume:0.956
757839,Series Code:Planetgear (PGSTK) Parts & Kits|Volume:0.283
757840,Series Code:Planetgear (PGSTK) Parts & Kits|Volume:0.956
757841,Series Code:Planetgear (PGSTK) Parts & Kits|Volume:0.956
757842,Series Code:Planetgear (PGSTK) Parts & Kits|Volume:0.956
757843,Series Code:Planetgear (PGSTK) Parts & Kits|Volume:0.956
757844,Series Code:Planetgear (PGSTK) Parts & Kits|Volume:0.956
757845,Series Code:Planetgear (PGSTK) Parts & Kits|Volume:0.956
757846,Series Code:Planetgear (PGSTK) Parts & Kits|Volume:0.283
757847,Series Code:Planetgear (PGSTK) Parts & Kits|Volume:0.956
757848,Series Code:Planetgear (PGSTK) Parts & Kits|Volume:0.956
757849,Series Code:Planetgear (PGSTK) Parts & Kits|Volume:0.956
757851,Series Code:Planetgear (PGSTK) Parts & Kits|Volume:0.956
757852,Series Code:Planetgear (PGSTK) Parts & Kits|Volume:0.956
757853,Series Code:Planetgear (PGSTK) Parts & Kits|Volume:0.283
757854,Series Code:Planetgear (PGSTK) Parts & Kits|Volume:0.956
757855,Series Code:Planetgear (PGSTK) Parts & Kits|Volume:0.956
757856,Series Code:Planetgear (PGSTK) Parts & Kits|Volume:0.956
757857,Series Code:Planetgear (PGSTK) Parts & Kits|Volume:0.956
757858,Series Code:Planetgear (PGSTK) Parts & Kits|Volume:0.956
757859,Series Code:Planetgear (PGSTK) Parts & Kits|Volume:0.956
757860,Series Code:Planetgear (PGSTK) Parts & Kits|Volume:0.956
757861,Series Code:Planetgear (PGSTK) Parts & Kits|Volume:2.265
757863,Series Code:Planetgear (PGSTK) Parts & Kits|Volume:2.265
757869,Series Code:Planetgear (PGSTK) Parts & Kits|Volume:2.265
757955,Series Code:Planetgear (PGSTK) Parts & Kits|Volume:0.956
757979,Series Code:Planetgear (PGSTK) Parts & Kits|Volume:0.444
757981,Series Code:Planetgear (PGSTK) Parts & Kits|Volume:0.909
757990,Series Code:Planetgear (PGSTK) Parts & Kits|Volume:2.265
757991,Series Code:Planetgear (PGSTK) Parts & Kits|Volume:2.265
757992,Series Code:Planetgear (PGSTK) Parts & Kits|Volume:2.265
757993,Series Code:Planetgear (PGSTK) Parts & Kits|Volume:2.265
757995,Series Code:Planetgear (PGSTK) Parts & Kits|Volume:2.265
757996,Series Code:Planetgear (PGSTK) Parts & Kits|Volume:2.265
757997,Series Code:Planetgear (PGSTK) Parts & Kits|Volume:2.265
757998,Series Code:Planetgear (PGSTK) Parts & Kits|Volume:2.265
757999,Series Code:Planetgear (PGSTK) Parts & Kits|Volume:2.265
758000,Series Code:Planetgear (PGSTK) Parts & Kits|Volume:2.265
758001,Series Code:Planetgear (PGSTK) Parts & Kits|Volume:2.265
758002,Series Code:Planetgear (PGSTK) Parts & Kits|Volume:2.265
758003,Series Code:Planetgear (PGSTK) Parts & Kits|Volume:2.265
758004,Series Code:Planetgear (PGSTK) Parts & Kits|Volume:2.265
758005,Series Code:Planetgear (PGSTK) Parts & Kits|Volume:2.265
758006,Series Code:Planetgear (PGSTK) Parts & Kits|Volume:2.265
758007,Series Code:Planetgear (PGSTK) Parts & Kits|Volume:2.265
758008,Series Code:Planetgear (PGSTK) Parts & Kits|Volume:2.265
758009,Series Code:Planetgear (PGSTK) Parts & Kits|Volume:2.265
758010,Series Code:Planetgear (PGSTK) Parts & Kits|Volume:2.265
758011,Series Code:Planetgear (PGSTK) Parts & Kits|Volume:2.265
758012,Series Code:Planetgear (PGSTK) Parts & Kits|Volume:2.265
758013,Series Code:Planetgear (PGSTK) Parts & Kits|Volume:2.265
758014,Series Code:Planetgear (PGSTK) Parts & Kits|Volume:2.265
758015,Series Code:Planetgear (PGSTK) Parts & Kits|Volume:2.265
758016,Series Code:Planetgear (PGSTK) Parts & Kits|Volume:2.265
758017,Series Code:Planetgear (PGSTK) Parts & Kits|Volume:2.265
758018,Series Code:Planetgear (PGSTK) Parts & Kits|Volume:2.265
758019,Series Code:Planetgear (PGSTK) Parts & Kits|Volume:2.265
758020,Series Code:Planetgear (PGSTK) Parts & Kits|Volume:2.265
758021,Series Code:Planetgear (PGSTK) Parts & Kits|Volume:2.265
758022,Series Code:Planetgear (PGSTK) Parts & Kits|Volume:2.265
758023,Series Code:Planetgear (PGSTK) Parts & Kits|Volume:2.265
758024,Series Code:Planetgear (PGSTK) Parts & Kits|Volume:2.265
758027,Series Code:Planetgear (PGSTK) Parts & Kits|Volume:1.812
758032,Series Code:Planetgear (PGSTK) Parts & Kits|Volume:1.812
758068,Series Code:Planetgear (PGSTK) Parts & Kits|Volume:0.956
758073,Series Code:Planetgear (PGSTK) Parts & Kits|Volume:2.167
758074,Series Code:Planetgear (PGSTK) Parts & Kits|Volume:2.336
758076,Series Code:Planetgear (PGSTK) Parts & Kits|Volume:0.359
758082,Series Code:Planetgear (PGSTK) Parts & Kits|Volume:0.321
758083,Series Code:Planetgear (PGSTK) Parts & Kits|Volume:0.302
758086,Series Code:Planetgear (PGSTK) Parts & Kits|Volume:0.321
758307,Series Code:Planetgear (PGSTK) Parts & Kits|Volume:0.052
758308,Series Code:Planetgear (PGSTK) Parts & Kits|Volume:0.117
758309,Series Code:Planetgear (PGSTK) Parts & Kits|Volume:0.117
758340,Series Code:Planetgear (PGSTK) Parts & Kits|Volume:0.273
758341,Series Code:Planetgear (PGSTK) Parts & Kits|Volume:0.485
758342,Series Code:Planetgear (PGSTK) Parts & Kits|Volume:0.758
758345,Series Code:Planetgear (PGSTK) Parts & Kits|Volume:0.831
758346,Series Code:Planetgear (PGSTK) Parts & Kits|Volume:1.87
758347,Series Code:Planetgear (PGSTK) Parts & Kits|Volume:2.546
758356,Series Code:Planetgear (PGSTK) Parts & Kits|Volume:0.328
758357,Series Code:Planetgear (PGSTK) Parts & Kits|Volume:0.195
758358,Series Code:Planetgear (PGSTK) Parts & Kits|Volume:0.195
758359,Series Code:Planetgear (PGSTK) Parts & Kits|Volume:0.524
758360,Series Code:Planetgear (PGSTK) Parts & Kits|Volume:0.312
758370,Series Code:Planetgear (PGSTK) Parts & Kits|Volume:0.052
758371,Series Code:Planetgear (PGSTK) Parts & Kits|Volume:0.117
758372,Series Code:Planetgear (PGSTK) Parts & Kits|Volume:0.117
758373,Series Code:Planetgear (PGSTK) Parts & Kits|Volume:0.104
758374,Series Code:Planetgear (PGSTK) Parts & Kits|Volume:0.234
758375,Series Code:Planetgear (PGSTK) Parts & Kits|Volume:0.416
758376,Series Code:Planetgear (PGSTK) Parts & Kits|Volume:0.693
758377,Series Code:Planetgear (PGSTK) Parts & Kits|Volume:0.041
758384,Series Code:Planetgear (PGSTK) Parts & Kits|Volume:0.636
758385,Series Code:Planetgear (PGSTK) Parts & Kits|Volume:0.636
758386,Series Code:Planetgear (PGSTK) Parts & Kits|Volume:0.636
758387,Series Code:Planetgear (PGSTK) Parts & Kits|Volume:0.117
758388,Series Code:Planetgear (PGSTK) Parts & Kits|Volume:0.208
758389,Series Code:Planetgear (PGSTK) Parts & Kits|Volume:0.052
758390,Series Code:Planetgear (PGSTK) Parts & Kits|Volume:1.108
758391,Series Code:Planetgear (PGSTK) Parts & Kits|Volume:1.108
758392,Series Code:Planetgear (PGSTK) Parts & Kits|Volume:1.108
758395,Series Code:Planetgear (PGSTK) Parts & Kits|Volume:0.277
758396,Series Code:Planetgear (PGSTK) Parts & Kits|Volume:0.433
758398,Series Code:Planetgear (PGSTK) Parts & Kits|Volume:0.156
758399,Series Code:Planetgear (PGSTK) Parts & Kits|Volume:2.619
758400,Series Code:Planetgear (PGSTK) Parts & Kits|Volume:2.619
758401,Series Code:Planetgear (PGSTK) Parts & Kits|Volume:2.619
758419,Series Code:Planetgear (PGSTK) Parts & Kits|Volume:0.078
758420,Series Code:Planetgear (PGSTK) Parts & Kits|Volume:0.131
758421,Series Code:Planetgear (PGSTK) Parts & Kits|Volume:0.078
758422,Series Code:Planetgear (PGSTK) Parts & Kits|Volume:0.636
758423,Series Code:Planetgear (PGSTK) Parts & Kits|Volume:0.636
758424,Series Code:Planetgear (PGSTK) Parts & Kits|Volume:0.636
758425,Series Code:Planetgear (PGSTK) Parts & Kits|Volume:0.117
758426,Series Code:Planetgear (PGSTK) Parts & Kits|Volume:0.208
758427,Series Code:Planetgear (PGSTK) Parts & Kits|Volume:0.052
758428,Series Code:Planetgear (PGSTK) Parts & Kits|Volume:1.108
758429,Series Code:Planetgear (PGSTK) Parts & Kits|Volume:1.108
758430,Series Code:Planetgear (PGSTK) Parts & Kits|Volume:1.108
758431,Series Code:Planetgear (PGSTK) Parts & Kits|Volume:0.277
758432,Series Code:Planetgear (PGSTK) Parts & Kits|Volume:0.433
758433,Series Code:Planetgear (PGSTK) Parts & Kits|Volume:2.619
758434,Series Code:Planetgear (PGSTK) Parts & Kits|Volume:2.619
758435,Series Code:Planetgear (PGSTK) Parts & Kits|Volume:0.131
758436,Series Code:Planetgear (PGSTK) Parts & Kits|Volume:0.078
758437,Series Code:Planetgear (PGSTK) Parts & Kits|Volume:0.524
758501,Series Code:Planetgear (PGSTK) Parts & Kits|Volume:1.062
758502,Series Code:Planetgear (PGSTK) Parts & Kits|Volume:1.463
758505,Series Code:Planetgear (PGSTK) Parts & Kits|Volume:1.646
758507,Series Code:Planetgear (PGSTK) Parts & Kits|Volume:0.138
758508,Series Code:Planetgear (PGSTK) Parts & Kits|Volume:0.138
758509,Series Code:Planetgear (PGSTK) Parts & Kits|Volume:0.138
758751,Series Code:Planetgear (PGSTK) Parts & Kits|Volume:3.394
758754,Series Code:Planetgear (PGSTK) Parts & Kits|Volume:4.987
758755,Series Code:Planetgear (PGSTK) Parts & Kits|Volume:0.241
758759,Series Code:Planetgear (PGSTK) Parts & Kits|Volume:0.241
758762,Series Code:Planetgear (PGSTK) Parts & Kits|Volume:5.818
758768,Series Code:Planetgear (PGSTK) Parts & Kits|Volume:0.241
758826,Series Code:Planetgear (PGSTK) Parts & Kits|Volume:4.71
758829,Series Code:Planetgear (PGSTK) Parts & Kits|Volume:5.264
758830,Series Code:Planetgear (PGSTK) Parts & Kits|Volume:4.879
758832,Series Code:Planetgear (PGSTK) Parts & Kits|Volume:7.204
758834,Series Code:Planetgear (PGSTK) Parts & Kits|Volume:6.095
758836,Series Code:Planetgear (PGSTK) Parts & Kits|Volume:5.818
758837,Series Code:Planetgear (PGSTK) Parts & Kits|Volume:6.095
758838,Series Code:Planetgear (PGSTK) Parts & Kits|Volume:6.095
2215984,Series Code:Planetgear (PGSTK) Parts & Kits|Volume:0.128
2343057,Series Code:Planetgear (PGSTK) Parts & Kits|Volume:0
2343072,Series Code:Planetgear (PGSTK) Parts & Kits|Volume:0
2926586,Series Code:Planetgear (PGSTK) Parts & Kits|Volume:1.812
5883693,Series Code:Ultramite (USAP) Parts & Kits|Volume:0
5893482,Motor Frame Size:182TC/184TC|Series Code:Planetgear (PGSTK) Parts & Kits|Volume:0
5894089,Series Code:Planetgear (PGSTK) Parts & Kits|Volume:9.524
