"ID","MAIN_IMAGE"
6066568,"https://cdnmedia.regalbeloit.com/images/d120001/medias/images/5477/Article_10373923_Still01_9_L1873644202.jpg"
6038228,"https://cdnmedia.regalbeloit.com/images/d120001/medias/images/5447/Article_10440964_Still01_9_FBB22431H.jpg"
6037766,"https://cdnmedia.regalbeloit.com/images/d120001/medias/images/5478/Article_10320675_Still01_9_81444225.jpg"
5894235,"https://cdnmedia.regalbeloit.com/images/d120001/medias/images/5472/Article_10605707_Still01_9_10605707.jpg"
5894011,"https://cdnmedia.regalbeloit.com/images/d120001/medias/images/5475/Article_10483795_Still01_9_10483795.jpg"
5893995,"https://cdnmedia.regalbeloit.com/images/d120001/medias/images/5474/Article_10481424_Still01_9_10481424.jpg"
5834382,"https://cdnmedia.regalbeloit.com/images/d120001/medias/images/5479/Article_10375093_Still01_9_10375093.jpg"
853364,"https://cdnmedia.regalbeloit.com/images/d120001/medias/images/5446/Article_10431527_Still01_9_F322304.jpg"
492433,"https://cdnmedia.regalbeloit.com/images/d120001/medias/images/5446/Article_10431527_Still01_9_F322304.jpg"
480614,"https://cdnmedia.regalbeloit.com/images/d120001/medias/images/5456/H78-321-MAIN.jpg"
