"ID","CATALOG_NUMBER","LIST_PRICE","YOUR_PRICE","MESSAGE"
5768551,"LM34232","","","Sorry, this item is no longer available."
2834587,"122231","","","Sorry, this item is no longer available."
2834582,"122215","","","Discontinued"
2834581,"122214","","","Discontinued"
2834577,"122210","","","Discontinued"
2834576,"122209","","","Discontinued"
2834575,"122208","","","Discontinued"
2834572,"122205","","","Discontinued"
2834568,"122201","","","Discontinued"
2834566,"122199","","","Discontinued"
2834559,"122192","","","Discontinued"
5768548,"LM34227","","","Sorry, this item is no longer available."
2834557,"122190","","","Discontinued"
2834556,"122189","","","Discontinued"
2834555,"122188","","","Discontinued"
2834554,"122187","","","Discontinued"
2834553,"122186","","","Discontinued"
2834550,"122183","","","Discontinued"
2834546,"122166","","","Sorry, this item is no longer available."
2834544,"122164","","","Sorry, this item is no longer available."
2834543,"122163","","","Sorry, this item is no longer available."
2834542,"122162","","","Sorry, this item is no longer available."
5768547,"LM34225","","","Sorry, this item is no longer available."
2834534,"119544","","","Discontinued"
2834528,"119531","","","Discontinued"
2834527,"119530","","","Discontinued"
2834520,"119502","","","Discontinued"
2834486,"119419","","","Discontinued"
2834474,"103878","","","Discontinued"
2834471,"109304","","","Discontinued"
2834366,"LM34165","","","Discontinued"
2834332,"LM34063","","","Sorry, this item is no longer available."
2834331,"LM34055","","","Sorry, this item is no longer available."
5768546,"LM34223","","","Sorry, this item is no longer available."
2527556,"192014","","","Sorry, this item is no longer available."
2527554,"192012","","","Sorry, this item is no longer available."
2527550,"192010","","","Sorry, this item is no longer available."
2527524,"191476","","","Discontinued"
2527519,"191420","","","Discontinued"
2527480,"191200","","","Discontinued"
2527429,"175901","","","Sorry, this item is no longer available."
5768488,"E113895.00","","","Sorry, this item is no longer available."
2527366,"175792","","","Discontinued"
2527361,"175787","","","Discontinued"
2527232,"175158","","","Discontinued"
2526379,"128023","","","Discontinued"
2526379,"128023","","","Discontinued"
2526375,"122115","","","Sorry, this item is no longer available."
2526371,"122111","","","Sorry, this item is no longer available."
2526361,"122100","","","Sorry, this item is no longer available."
2526359,"122098","","","Sorry, this item is no longer available."
2526353,"122092","","","Sorry, this item is no longer available."
2526352,"122091","","","Sorry, this item is no longer available."
5768486,"E113846.00","","","Sorry, this item is no longer available."
2526350,"122089","","","Sorry, this item is no longer available."
2526349,"122088","","","Sorry, this item is no longer available."
2526348,"122087","","","Sorry, this item is no longer available."
2526344,"122083","","","Sorry, this item is no longer available."
2526343,"122082","","","Sorry, this item is no longer available."
2526338,"122077","","","Sorry, this item is no longer available."
2526337,"122076","","","Sorry, this item is no longer available."
2526326,"121975","","","Discontinued"
2526325,"121974","","","Discontinued"
2526322,"121942","","","Discontinued"
5768485,"E113633.00","","","Discontinued"
2526321,"121941","","","Discontinued"
2526320,"121940","","","Sorry, this item is no longer available."
2526319,"121939","","","Discontinued"
2526315,"121935","","","Sorry, this item is no longer available."
2526312,"121928","","","Sorry, this item is no longer available."
2834330,"LM34051","","","Sorry, this item is no longer available."
2834323,"LM34069","","","Sorry, this item is no longer available."
2834319,"LM34058","","","Sorry, this item is no longer available."
2834317,"LM34054","","","Sorry, this item is no longer available."
5054647,"E111310.00","","","Discontinued"
2834313,"122255","","","Discontinued"
2834307,"811644","","","Sorry, this item is no longer available."
2834305,"122308","","","Discontinued"
2834268,"122329","","","Sorry, this item is no longer available."
2834263,"119507","","","Discontinued"
2834257,"119425","","","Sorry, this item is no longer available."
5768545,"LM34222","","","Discontinued"
2834244,"LM34056","","","Sorry, this item is no longer available."
2834237,"122129","","","Sorry, this item is no longer available."
2834233,"122244","","","Discontinued"
2834168,"LM34050","","","Sorry, this item is no longer available."
2834167,"119508","","","Discontinued"
2834162,"LM34066","","","Discontinued"
2834159,"LM34057","","","Sorry, this item is no longer available."
2834158,"LM34067","","","Sorry, this item is no longer available."
2834157,"LM34053","","","Sorry, this item is no longer available."
2834156,"119433","","","Discontinued"
5768544,"LM34221","","","Sorry, this item is no longer available."
2834150,"119441","","","Discontinued"
2834145,"122254","","","Discontinued"
2834142,"122242","","","Discontinued"
2834141,"811643","","","Sorry, this item is no longer available."
2834139,"LM34263","","","Sorry, this item is no longer available."
2834138,"122232","","","Sorry, this item is no longer available."
2834137,"122237","","","Discontinued"
2834131,"122073","","","Sorry, this item is no longer available."
2795449,"E101651.00","","","Discontinued"
2795225,"E119361.00","","","Sorry, this item is no longer available."
5768541,"LM34141","","","Sorry, this item is no longer available."
2795223,"E119353.00","","","Sorry, this item is no longer available."
2795220,"E119349.00","","","Sorry, this item is no longer available."
2795218,"E116785.00","","","Sorry, this item is no longer available."
2795217,"E116784.00","","","Discontinued"
2795216,"E116771.00","","","Discontinued"
2795215,"E116770.00","","","Discontinued"
2795214,"E116769.00","","","Discontinued"
2795213,"E116765.00","","","Sorry, this item is no longer available."
2795212,"E116764.00","","","Sorry, this item is no longer available."
2795211,"E116763.00","","","Sorry, this item is no longer available."
5768498,"E119879.00","","","Sorry, this item is no longer available."
2795209,"E116755.00","","","Sorry, this item is no longer available."
226566,"LM24877","","","Discontinued"
2795196,"E114218.00","","","Sorry, this item is no longer available."
2795194,"E114196.00","","","Discontinued"
2795193,"E114194.00","","","Discontinued"
2795191,"E113894.00","","","Sorry, this item is no longer available."
2795190,"E113293.00","","","Sorry, this item is no longer available."
2795187,"E110434.00","","","Sorry, this item is no longer available."
2795186,"E110433.00","","","Sorry, this item is no longer available."
2795183,"E110390.00","","","Sorry, this item is no longer available."
2795180,"E110384.00","","","Sorry, this item is no longer available."
5768497,"E119864.00","","","Sorry, this item is no longer available."
2795178,"E110381.00","","","Sorry, this item is no longer available."
2795174,"E110220.00","","","Sorry, this item is no longer available."
2795173,"E110111.00","","","Sorry, this item is no longer available."
2795170,"E110027.00","","","Sorry, this item is no longer available."
2795167,"E110003.00","","","Sorry, this item is no longer available."
2795165,"E104018.00","","","Sorry, this item is no longer available."
2795164,"E103021.00","","","Sorry, this item is no longer available."
2795163,"E103017.00","","","Sorry, this item is no longer available."
2795162,"E103014.00","","","Sorry, this item is no longer available."
2795159,"E101449.00","","","Sorry, this item is no longer available."
5768495,"E119858.00","","","Discontinued"
2795158,"E101448.00","","","Sorry, this item is no longer available."
2795157,"E101447.00","","","Sorry, this item is no longer available."
2795156,"E100600.00","","","Sorry, this item is no longer available."
2795155,"E100446.00","","","Sorry, this item is no longer available."
2795154,"E100378.00","","","Discontinued"
2795151,"E100356.00","","","Sorry, this item is no longer available."
2795150,"E100354.00","","","Sorry, this item is no longer available."
2795144,"E100184.00","","","Sorry, this item is no longer available."
2795074,"191544","","","Discontinued"
2787920,"E116756.00","","","Sorry, this item is no longer available."
6391391,"9136770","$0.00","$4.49",""
5768494,"E116707.00","","","Sorry, this item is no longer available."
2528152,"LM24264","","","Discontinued"
2528130,"A099900.00","","","Discontinued"
2528126,"A099461.00","","","Sorry, this item is no longer available."
2528125,"A099460.00","","","Discontinued"
2528122,"A099251.00","","","Sorry, this item is no longer available."
227297,"M099251.00","","","Discontinued"
2528119,"A090585.00","","","Sorry, this item is no longer available."
2528110,"970.6","","",""
2527985,"811544","","","Discontinued"
2527983,"811542","","","Sorry, this item is no longer available."
2527982,"811541","","","Sorry, this item is no longer available."
5768492,"E114215.00","","","Sorry, this item is no longer available."
2527971,"810546","","","Sorry, this item is no longer available."
2527688,"192213","","","Sorry, this item is no longer available."
2527686,"192212","","","Sorry, this item is no longer available."
2527666,"192202","","","Sorry, this item is no longer available."
2527664,"192201","","","Sorry, this item is no longer available."
2527620,"192049","","","Sorry, this item is no longer available."
2527602,"192039","","","Sorry, this item is no longer available."
2527596,"192036","","","Sorry, this item is no longer available."
2527586,"192030","","","Sorry, this item is no longer available."
2527574,"192024","","","Sorry, this item is no longer available."
5768489,"E113896.00","","","Sorry, this item is no longer available."
2527570,"192021","","","Sorry, this item is no longer available."
2527566,"192019","","","Sorry, this item is no longer available."
2527560,"192016","","","Sorry, this item is no longer available."
2383914,"122025","","","Sorry, this item is no longer available."
2383913,"122024","","","Sorry, this item is no longer available."
2383897,"117901","","","Discontinued"
2383887,"117876","","","Discontinued"
2383886,"117875","","","Discontinued"
2383883,"117872","","","Discontinued"
2383880,"117858","","","Discontinued"
2383879,"117857","","","Discontinued"
2383878,"117856","","","Discontinued"
2383866,"103727","","","Discontinued"
5054662,"LM34218","","","Sorry, this item is no longer available."
2383865,"103726","","","Discontinued"
2383863,"103724","","","Sorry, this item is no longer available."
2383862,"103723","","","Discontinued"
2383857,"103718","","","Sorry, this item is no longer available."
2383856,"103717","","","Sorry, this item is no longer available."
2383855,"103716","","","Discontinued"
2383854,"103715","","","Sorry, this item is no longer available."
2383852,"103713","","","Discontinued"
2383850,"103712","","","Discontinued"
1290376,"M1900030.21","$0.00","$6.53",""
5054659,"LM34159","","","Discontinued"
1230047,"900015.22","$0.00","$13.96",""
728024,"M1145145.00","","","Discontinued"
728023,"M1145144.00","","","Discontinued"
728022,"M1145143.00","","","Discontinued"
728020,"M1145141.00","","","Discontinued"
728019,"M1145140.00","","","Discontinued"
727751,"LM33123","","","Sorry, this item is no longer available."
727750,"LM33122","","","Sorry, this item is no longer available."
727749,"LM33121","","","Sorry, this item is no longer available."
727618,"LM32856","","","Discontinued"
5054652,"E113932.00","","","Sorry, this item is no longer available."
727608,"LM32846","","","Sorry, this item is no longer available."
727587,"LM32825","","","Sorry, this item is no longer available."
727585,"LM32823","","","Sorry, this item is no longer available."
727584,"LM32822","","","Sorry, this item is no longer available."
727560,"LM32796","","","Sorry, this item is no longer available."
727184,"LM24807","","","Discontinued"
726522,"900282.01","$0.00","$31.16",""
625035,"900163.11","$0.00","$9.23",""
624662,"900015.08","$0.00","$19.95",""
624444,"M1900010.47","$0.00","$7.49",""
5054650,"LM34180","","","Discontinued"
236436,"P7172017.B1","$1,568.01","",""
227585,"M900599.00","","","Discontinued"
227584,"M900277.00","","","Discontinued"
2526303,"121914","","","Sorry, this item is no longer available."
2526301,"121912","","","Discontinued"
2526290,"121876","","","Discontinued"
2526288,"121874","","","Discontinued"
2526267,"121676","","","Sorry, this item is no longer available."
5768484,"E113632.00","","","Sorry, this item is no longer available."
2526266,"121675","","","Sorry, this item is no longer available."
2526262,"121633","","","Discontinued"
2526261,"121632","","","Discontinued"
2526259,"121624","","","Discontinued"
2526257,"121622","","","Discontinued"
2526248,"121518","","","Sorry, this item is no longer available."
2526244,"121514","","","Sorry, this item is no longer available."
2526240,"121276","","","Discontinued"
2526237,"121273","","","Discontinued"
2526236,"121272","","","Discontinued"
5768483,"E111311.00","","","Sorry, this item is no longer available."
2526234,"121190","","","Discontinued"
2526224,"121096","","","Discontinued"
2526221,"121093","","","Discontinued"
2526215,"121064","","","Sorry, this item is no longer available."
2526214,"121063","","","Sorry, this item is no longer available."
2526210,"121009","$104.33","",""
2526210,"121009","","","Sorry, this item is no longer available."
2526205,"121002","$109.57","",""
2526205,"121002","","","Discontinued"
2526200,"120995","","","Discontinued"
2526194,"120945","","","Discontinued"
2526193,"120944","","","Discontinued"
5768480,"E110097.00","","","Sorry, this item is no longer available."
2526191,"120942","","","Discontinued"
2526177,"120590","","","Discontinued"
2526176,"120589","","","Discontinued"
2526174,"120485","","",""
2526171,"120378","","","Discontinued"
2526156,"120101","","","Discontinued"
2526154,"120073","","","Sorry, this item is no longer available."
2526139,"120001","","","Discontinued"
2526138,"120000","","","Discontinued"
2526135,"119267","","","Discontinued"
5768477,"E101641.00","","","Sorry, this item is no longer available."
2526132,"119233","","","Discontinued"
2526131,"119232","","","Discontinued"
2526128,"119229","","","Discontinued"
2526126,"119227","","","Discontinued"
2526111,"118007","","","Discontinued"
2526105,"117772","","","Discontinued"
2526104,"117762","","","Discontinued"
2526103,"117761","","","Discontinued"
2526095,"117711","","","Discontinued"
2526090,"117706","","","Discontinued"
5768476,"E101640.00","","","Discontinued"
2526089,"117705","","","Discontinued"
2526088,"117704","","","Discontinued"
2526082,"117691","","","Discontinued"
2526065,"117280","","","Discontinued"
2526064,"117279","","","Discontinued"
2526061,"117276","","","Discontinued"
2526054,"117269","","","Discontinued"
2526042,"117120","","","Discontinued"
2526040,"117118","","","Discontinued"
2526039,"116922","","","Sorry, this item is no longer available."
5768475,"E101639.00","","","Sorry, this item is no longer available."
2526027,"116775","","","Discontinued"
2526026,"116774","","","Discontinued"
2526025,"116773","","","Discontinued"
2525987,"116708","","","Discontinued"
2525975,"116643","","","Discontinued"
2525957,"116601","","","Discontinued"
2525955,"116599","","","Discontinued"
2525952,"116593","","","Sorry, this item is no longer available."
2525933,"116462","","","Discontinued"
2525901,"115878","","","Sorry, this item is no longer available."
5768472,"E101434.00","","","Discontinued"
2525893,"115779","","","Sorry, this item is no longer available."
2525875,"114895","","","Discontinued"
2525873,"114893","","","Discontinued"
2525872,"114892","","","Discontinued"
2525855,"114625","","","Discontinued"
2525853,"114620","","","Discontinued"
2525851,"114617","","","Sorry, this item is no longer available."
2525843,"114560","","","Discontinued"
2525834,"114318","","","Discontinued"
2525830,"114314","","","Discontinued"
5768471,"E101433.00","","","Sorry, this item is no longer available."
2525826,"114310","","","Discontinued"
2525825,"114309","","","Sorry, this item is no longer available."
2525822,"114306","","","Discontinued"
2525821,"114304","","","Discontinued"
2525819,"114231","","","Discontinued"
2525818,"114229","","","Discontinued"
2525817,"114228","","","Discontinued"
2525816,"114227","","","Discontinued"
2525815,"114226","","","Discontinued"
2525813,"114224","","","Discontinued"
5768470,"E101432.00","","","Sorry, this item is no longer available."
2525812,"114223","","","Discontinued"
2525811,"114222","","","Discontinued"
2525808,"114215","","","Discontinued"
5768492,"E114215.00","","","Sorry, this item is no longer available."
2525807,"114214","","","Discontinued"
2525800,"114203","","","Sorry, this item is no longer available."
2525799,"114202","","","Sorry, this item is no longer available."
2525787,"114163","","","Discontinued"
2525786,"114162","","","Discontinued"
2525780,"114156","","","Discontinued"
2525778,"114154","","","Discontinued"
5768469,"E101015.00","","","Sorry, this item is no longer available."
2525776,"114151","","","Discontinued"
2525775,"114150","","","Discontinued"
2525774,"114149","","","Discontinued"
2525773,"114148","","","Discontinued"
2525769,"114142","","","Sorry, this item is no longer available."
2525768,"114102","","","Discontinued"
2525758,"113937","","","Discontinued"
2525751,"113928","","","Discontinued"
2525749,"113926","","","Sorry, this item is no longer available."
2525743,"113920","","","Discontinued"
5768466,"E100109.00","","","Sorry, this item is no longer available."
2525741,"113918","","","Discontinued"
2525739,"113916","","","Discontinued"
2525738,"113915","","","Discontinued"
2525737,"113914","","","Discontinued"
2525735,"113912","","","Discontinued"
2525730,"113907","","","Discontinued"
2525725,"113902","","","Discontinued"
2525724,"113901","","","Discontinued"
2525722,"113896","","","Sorry, this item is no longer available."
5768489,"E113896.00","","","Sorry, this item is no longer available."
2525721,"113895","","","Sorry, this item is no longer available."
5768488,"E113895.00","","","Sorry, this item is no longer available."
5768465,"E100064.00","","","Sorry, this item is no longer available."
2524987,"100064","","","Discontinued"
2525719,"113893","","","Sorry, this item is no longer available."
2525715,"113847","","","Sorry, this item is no longer available."
2525708,"113765","","","Discontinued"
2525704,"113643","","",""
2525696,"113633","","","Discontinued"
5768485,"E113633.00","","","Discontinued"
2525695,"113632","","","Discontinued"
5768484,"E113632.00","","","Sorry, this item is no longer available."
5054643,"E113631.00","","","Discontinued"
2525694,"113631","","","Discontinued"
2525686,"113589","","","Discontinued"
2525678,"113580","","","Discontinued"
2525634,"112523","","","Discontinued"
5768464,"E100063.00","","","Sorry, this item is no longer available."
2525632,"112521","","","Discontinued"
227398,"M1125217.00","","","Discontinued"
2525631,"112520","","","Discontinued"
2525630,"112484","","","Discontinued"
2525616,"111961","","","Discontinued"
2525615,"111960","","","Discontinued"
2525614,"111959","","","Discontinued"
2525613,"111958","","","Discontinued"
2525600,"111940","","","Sorry, this item is no longer available."
2525594,"111934","","","Sorry, this item is no longer available."
2525592,"111932","","","Sorry, this item is no longer available."
5768463,"E100053.00","","","Discontinued"
2525591,"111931","","","Sorry, this item is no longer available."
2525587,"111923","","","Sorry, this item is no longer available."
2525583,"111917","","","Discontinued"
2525576,"111348","","","Discontinued"
2525575,"111335","","","Discontinued"
2525574,"111334","","","Discontinued"
2525567,"111326","","","Discontinued"
2525565,"111324","","","Discontinued"
2525564,"111323","","","Discontinued"
2525561,"111311","","","Sorry, this item is no longer available."
5768483,"E111311.00","","","Sorry, this item is no longer available."
6097879,"3307.03","$0.00","$3.80",""
5768462,"E100045.00","","","Discontinued"
2525555,"111267","","","Sorry, this item is no longer available."
2525553,"111202","","","Discontinued"
2525548,"111096","","","Sorry, this item is no longer available."
2525507,"110441","","","Sorry, this item is no longer available."
2525498,"110423","","","Discontinued"
2525490,"110414","","","Discontinued"
2525488,"110412","","","Discontinued"
2525484,"110398","","","Discontinued"
2525483,"110397","","","Discontinued"
2525462,"110289","","","Sorry, this item is no longer available."
5768181,"192264","","","Sorry, this item is no longer available."
2525461,"110288","","","Sorry, this item is no longer available."
2525459,"110275","","","Sorry, this item is no longer available."
2525440,"110161","","","Discontinued"
2525436,"110143","","","Discontinued"
2525428,"110097","","","Discontinued"
5768480,"E110097.00","","","Sorry, this item is no longer available."
2525420,"110065","","","Discontinued"
2525396,"110022","","","Sorry, this item is no longer available."
2525373,"109100","","","Discontinued"
2525371,"109098","","","Discontinued"
2525370,"109097","","",""
5768068,"122122","","","Discontinued"
2525364,"109086","","","Discontinued"
2525363,"109085","","","Discontinued"
2525358,"109080","","","Discontinued"
2525351,"109073","","","Discontinued"
2525344,"109066","","","Discontinued"
2525342,"108732","","","Discontinued"
2525340,"108730","","","Discontinued"
2525332,"108706","","","Discontinued"
2525287,"108017","","","Discontinued"
2525277,"107031","","","Discontinued"
5768066,"119973","","","Discontinued"
2525276,"107030","","","Discontinued"
2525274,"107028","","","Discontinued"
2525273,"107027","","","Discontinued"
2525265,"107012","","","Discontinued"
2525262,"107009","","","Discontinued"
2525259,"107006","","","Discontinued"
2525254,"107001","","","Discontinued"
2525251,"103797","","","Sorry, this item is no longer available."
2525246,"103782","","","Discontinued"
2525244,"103530","","","Sorry, this item is no longer available."
5768062,"119737","","","Discontinued"
2525243,"103523","","","Sorry, this item is no longer available."
2525241,"103521","","","Sorry, this item is no longer available."
2525240,"103520","","","Sorry, this item is no longer available."
2525238,"103418","","","Discontinued"
2525237,"103417","","","Discontinued"
2525233,"103411","","","Sorry, this item is no longer available."
2525232,"103410","","","Discontinued"
2525227,"103405","","","Discontinued"
2525225,"103403","","","Discontinued"
2525224,"103402","","","Discontinued"
5768061,"119736","","","Sorry, this item is no longer available."
2525221,"103399","","","Discontinued"
2525219,"103397","","","Discontinued"
2525216,"103394","","","Discontinued"
2525210,"103387","","","Discontinued"
2525205,"103082","","","Sorry, this item is no longer available."
2525198,"103019","","","Discontinued"
2525190,"102963","","","Discontinued"
2525189,"102933","","","Sorry, this item is no longer available."
2525187,"102931","","","Sorry, this item is no longer available."
2525185,"102929","","","Discontinued"
5768050,"117935","","","Discontinued"
2525182,"102920","","","Sorry, this item is no longer available."
2525177,"102915","","","Discontinued"
2525176,"102914","","","Discontinued"
2525175,"102913","","","Discontinued"
2525171,"102909","","","Sorry, this item is no longer available."
2525166,"102904","","","Sorry, this item is no longer available."
2525149,"102794","","","Discontinued"
2525139,"102690","","","Discontinued"
2525137,"102688","","","Discontinued"
2525135,"102686","","","Discontinued"
5122199,"E101431.00","","","Discontinued"
2525134,"102685","","","Discontinued"
2525129,"102663","","","Discontinued"
2525128,"102662","","","Discontinued"
2525125,"102199","","","Sorry, this item is no longer available."
2525124,"102198","","","Sorry, this item is no longer available."
2525123,"102197","","","Sorry, this item is no longer available."
2525122,"102184","","","Discontinued"
2525121,"102183","","","Discontinued"
2525115,"102017","","","Discontinued"
2525113,"102015","","","Discontinued"
5054677,"LM34229","","","Discontinued"
2525110,"102012","","","Discontinued"
2525108,"101966","","","Discontinued"
2525107,"101965","","","Discontinued"
2525106,"101839","","","Sorry, this item is no longer available."
2525105,"101782","","","Discontinued"
2525101,"101775","","","Sorry, this item is no longer available."
2525093,"101649","","","Sorry, this item is no longer available."
2525090,"101646","","","Sorry, this item is no longer available."
2525089,"101645","","",""
5768477,"E101641.00","","","Sorry, this item is no longer available."
2525086,"101641","","",""
5054671,"LM34224","","","Discontinued"
2525085,"101640","","","Discontinued"
5768476,"E101640.00","","","Discontinued"
2525082,"101637","","","Sorry, this item is no longer available."
2525081,"101611","","","Discontinued"
2525078,"101544","","","Discontinued"
2525074,"101520","","","Sorry, this item is no longer available."
2525070,"101446","","","Discontinued"
2525068,"101433","","","Sorry, this item is no longer available."
5768471,"E101433.00","","","Sorry, this item is no longer available."
2525060,"101252","","","Discontinued"
2525059,"101176","","",""
2525055,"101079","","","Sorry, this item is no longer available."
5909547,"176257","","","Discontinued"
5054667,"LM34160","","","Sorry, this item is no longer available."
2525054,"101051","","","Sorry, this item is no longer available."
2525052,"101020","","","Discontinued"
2525051,"101015","","","Sorry, this item is no longer available."
5768469,"E101015.00","","","Sorry, this item is no longer available."
2525050,"101013","","","Discontinued"
2525048,"100960","","","Discontinued"
2525040,"100806","","","Discontinued"
2525038,"100804","","","Sorry, this item is no longer available."
2525033,"100767","","","Discontinued"
2525031,"100722","","","Sorry, this item is no longer available."
2525030,"100704","","","Discontinued"
5054666,"E113334.00","","","Sorry, this item is no longer available."
2525019,"100486","","","Discontinued"
2525013,"100366","","","Discontinued"
2525002,"100210","","","Discontinued"
2524987,"100064","","","Discontinued"
5768465,"E100064.00","","","Sorry, this item is no longer available."
2524977,"100047","","","Discontinued"
2524976,"100046","","","Discontinued"
2524960,"100014","","","Sorry, this item is no longer available."
2487679,"E116752.00","","","Sorry, this item is no longer available."
2486432,"E100027.00","","","Discontinued"
2383918,"122031","","","Discontinued"
5054665,"LM34168","","","Sorry, this item is no longer available."
226188,"LM24102","","","Discontinued"
226169,"LM24083","","","Sorry, this item is no longer available."
226163,"LM24077","","","Sorry, this item is no longer available."
5054621,"E101522.00","","","Sorry, this item is no longer available."
226161,"LM24075","","","Sorry, this item is no longer available."
226159,"LM24073","","","Sorry, this item is no longer available."
226060,"LM22661","","","Discontinued"
226059,"LM22660","","","Discontinued"
226058,"LM22659","","","Discontinued"
226056,"LM22657","","","Discontinued"
226055,"LM22655","","","Discontinued"
226053,"LM22653","","","Discontinued"
226047,"LM22645","","","Discontinued"
225876,"LM21153","","","Discontinued"
5054620,"LM34059","","","Discontinued"
225875,"LM21151","","","Discontinued"
225874,"LM21148","","","Discontinued"
224764,"LM10350","","","Discontinued"
224763,"LM10349","","","Discontinued"
224760,"LM10346","","","Discontinued"
224757,"LM10338","","","Discontinued"
223898,"980.159","","","Discontinued"
223896,"970.621","","","Discontinued"
223892,"970.577","","",""
223891,"970.576","","","Discontinued"
5054619,"LM34481","","","Discontinued"
223841,"707132L","$1,490.99","",""
223840,"707130L","$1,490.99","",""
223839,"707129L","$1,354.25","",""
223838,"707127L","$1,490.99","",""
223837,"707126L","$1,490.99","",""
223836,"707124L","$1,490.99","",""
223835,"707123L","$1,490.99","",""
223834,"707121L","$1,490.99","",""
223833,"707117L","$1,824.71","",""
223832,"707115L","$1,824.71","",""
5054617,"E100588.00","","","Discontinued"
223831,"707114L","$1,824.71","",""
223830,"707112L","$1,824.71","",""
223828,"707111L","$1,824.71","",""
223826,"707108L","","",""
223825,"707106L","","",""
223824,"707105L","$1,824.71","",""
223823,"707103L","$1,824.71","",""
223822,"707102L","$1,824.71","",""
223821,"707099L","$1,824.71","",""
5054614,"E101521.00","","","Sorry, this item is no longer available."
223820,"707097L","$1,824.71","",""
223819,"707094L","$1,824.71","",""
223818,"707087L","$1,438.82","",""
223817,"707085L","$1,584.10","",""
223816,"707084L","$1,584.10","",""
223815,"707082L","$1,584.10","",""
223813,"707081L","$1,438.82","",""
223812,"707079L","$1,584.10","",""
223811,"707078L","$1,584.10","",""
5054611,"LM34049","","","Sorry, this item is no longer available."
223810,"707076L","$1,584.10","",""
223808,"707075L","$1,438.82","",""
223807,"707073L","$1,584.10","",""
223806,"707072L","$1,584.10","",""
223805,"707070L","$1,584.10","",""
223802,"707067L","$1,584.10","",""
223801,"707064L","$1,584.10","",""
5909515,"119957","","","Discontinued"
5909515,"119957","","","Discontinued"
5054610,"E100000.00","","","Discontinued"
5054607,"E103024.00","","","Discontinued"
5054603,"LM34048","","","Sorry, this item is no longer available."
2486432,"E100027.00","","","Discontinued"
5054602,"E100355.00","","","Discontinued"
5054601,"192266","","","Sorry, this item is no longer available."
5053326,"E119863.00","","","Sorry, this item is no longer available."
221472,"98377","","","Discontinued"
221471,"98376","","","Discontinued"
221465,"98040","","","Discontinued"
2983206,"E119880.00","","","Sorry, this item is no longer available."
221463,"98017","","","Discontinued"
221462,"98016","","",""
221460,"98014","","","Discontinued"
221435,"96011","","","Discontinued"
221434,"96010","","","Discontinued"
221431,"96007","","","Discontinued"
221421,"92112","","","Discontinued"
221420,"92111","","","Discontinued"
221419,"92016","","","Discontinued"
2527560,"192016","","","Sorry, this item is no longer available."
221418,"92015","","","Discontinued"
2982629,"E119860.00","","","Sorry, this item is no longer available."
221416,"92013","","","Discontinued"
2977796,"E100111.00","","","Sorry, this item is no longer available."
2920307,"LM34163","","","Sorry, this item is no longer available."
5772738,"900007.01","$0.00","$0.96",""
2834618,"119286","","","Sorry, this item is no longer available."
2834611,"119797","","","Discontinued"
2834610,"122338","","","Discontinued"
2834608,"109301","","","Discontinued"
2834606,"E101773.00","","","Discontinued"
2834604,"109302","","","Discontinued"
2834602,"122258","","","Discontinued"
2834595,"122243","","","Discontinued"
2834593,"122240","","","Discontinued"
2834588,"122233","","","Sorry, this item is no longer available."
227583,"M900197.00","","","Discontinued"
227582,"M900196.00","","","Discontinued"
227561,"M1145128.00","","","Discontinued"
227559,"M1145126.00","","","Discontinued"
227554,"M1145082.00","","","Discontinued"
227552,"M1145040.00","","","Discontinued"
227539,"M1145026.00","","","Discontinued"
5054649,"LM34144","","","Sorry, this item is no longer available."
227535,"M1140173.00","","","Discontinued"
227533,"M1140171.00","","","Discontinued"
227531,"M1135296.00","","","Discontinued"
227530,"M1135295.00","","","Discontinued"
227529,"M1135294.00","","","Discontinued"
227527,"M1135292.00","","","Discontinued"
227526,"M1135291.00","","","Discontinued"
227524,"M1135289.00","","","Discontinued"
227523,"M1135288.00","","","Discontinued"
227522,"M1135287.00","","","Discontinued"
5054648,"LM34171","","","Sorry, this item is no longer available."
227521,"M1135286.00","","","Discontinued"
227520,"M1135285.00","","","Discontinued"
227519,"M1135284.00","","","Discontinued"
227516,"M1135250.00","","","Discontinued"
227511,"M1135243.00","","","Discontinued"
227509,"M1135149.00","","","Discontinued"
227502,"M1135142.00","","","Discontinued"
227501,"M1135141.00","","","Discontinued"
227499,"M1135139.00","","","Discontinued"
227480,"M1135061.00","","","Discontinued"
5054647,"E111310.00","","","Discontinued"
227478,"M1135059.00","","","Discontinued"
227476,"M1135057.00","","","Discontinued"
227475,"M1135056.00","","","Discontinued"
227461,"M1130296.00","","","Discontinued"
227459,"M1130206.00","","","Discontinued"
227457,"M1130152.00","","","Discontinued"
227456,"M1130151.00","","","Discontinued"
227455,"M1130150.00","","","Discontinued"
227453,"M1130148.00","","","Discontinued"
227452,"M1130147.00","","","Discontinued"
5909546,"176256","","","Discontinued"
5054645,"LM34142","","","Sorry, this item is no longer available."
227451,"M1130146.00","","","Discontinued"
227447,"M1130140.00","","","Discontinued"
227444,"M1130137.00","","","Discontinued"
227441,"M1130119.00","","","Discontinued"
227432,"M1125281.00","","","Discontinued"
227427,"M1125276.00","","","Discontinued"
227425,"M1125274.00","","","Discontinued"
227418,"M1125267.00","","","Discontinued"
227412,"M1125261.00","","","Discontinued"
227411,"M1125256.00","","","Discontinued"
5054644,"LM34139","","","Discontinued"
227410,"M1125255.00","","","Discontinued"
227408,"M1125253.00","","","Discontinued"
227407,"M1125252.00","","","Discontinued"
227406,"M1125251.00","","","Discontinued"
227405,"M1125250.00","","","Discontinued"
227404,"M1125249.00","","","Discontinued"
227403,"M1125248.00","","","Discontinued"
227402,"M1125247.00","","","Discontinued"
227398,"M1125217.00","","","Discontinued"
227385,"M1125093.00","","","Discontinued"
5054643,"E113631.00","","","Discontinued"
227384,"M1125092.00","","","Discontinued"
227369,"M1125047.00","","","Discontinued"
227361,"M1125035.00","","","Discontinued"
227353,"M1120186.00","","","Discontinued"
227348,"M1120181.00","","","Discontinued"
227344,"M1120058.00","","","Discontinued"
227342,"M1120045.00","","","Discontinued"
227330,"M1115027.00","","","Discontinued"
227329,"M1115026.00","","","Discontinued"
227317,"M1110025.00","","","Discontinued"
5054642,"LM34178","","","Discontinued"
227316,"M1110024.00","","","Discontinued"
227298,"M099260.00","","","Discontinued"
227297,"M099251.00","","","Discontinued"
226957,"LM26323","","","Discontinued"
226955,"LM26278","","","Discontinued"
226954,"LM26233","","","Discontinued"
226952,"LM26109","","","Discontinued"
226951,"LM26098","","","Discontinued"
226949,"LM26081","","","Discontinued"
226944,"LM25991","","","Discontinued"
5054641,"LM34140","","","Sorry, this item is no longer available."
226943,"LM25962","","","Discontinued"
226805,"LM25158","","","Discontinued"
226801,"LM25154","","","Discontinued"
226798,"LM25151","","","Discontinued"
226796,"LM25149","","","Discontinued"
226787,"LM25139","","","Discontinued"
226783,"LM25134","","","Discontinued"
226782,"LM25133","","","Discontinued"
226780,"LM25131","","","Discontinued"
226776,"LM25127","","","Discontinued"
5054640,"E110036.00","","","Discontinued"
226775,"LM25126","","","Discontinued"
226772,"LM25123","","","Discontinued"
226768,"LM25119","","","Discontinued"
226765,"LM25116","","","Discontinued"
226764,"LM25115","","","Discontinued"
226653,"LM24967","","","Discontinued"
226651,"LM24965","","","Discontinued"
226650,"LM24964","","","Discontinued"
226635,"LM24949","","","Discontinued"
226632,"LM24946","","","Sorry, this item is no longer available."
5054635,"E119857.00","","","Discontinued"
226615,"LM24929","","","Sorry, this item is no longer available."
226566,"LM24877","","","Discontinued"
226564,"LM24875","","","Sorry, this item is no longer available."
226560,"LM24871","","","Sorry, this item is no longer available."
226552,"LM24809","","","Discontinued"
226536,"LM24791","","","Discontinued"
226522,"LM24777","","","Sorry, this item is no longer available."
226521,"LM24776","","","Sorry, this item is no longer available."
226518,"LM24746","","","Discontinued"
226517,"LM24745","","","Discontinued"
5054634,"E119862.00","","","Sorry, this item is no longer available."
226515,"LM24743","","","Discontinued"
226512,"LM24740","","","Discontinued"
226511,"LM24739","","","Discontinued"
226510,"LM24738","","","Discontinued"
226508,"LM24736","","","Discontinued"
226507,"LM24735","","","Discontinued"
226505,"LM24733","","","Discontinued"
226504,"LM24731","","","Discontinued"
226500,"LM24727","","","Discontinued"
226499,"LM24726","","","Discontinued"
5054632,"LM34169","","","Sorry, this item is no longer available."
226496,"LM24723","","","Discontinued"
226483,"LM24710","","","Discontinued"
226479,"LM24706","","","Discontinued"
226468,"LM24687","","","Sorry, this item is no longer available."
226459,"LM24677","","","Discontinued"
226449,"LM24615","","","Discontinued"
226448,"LM24614","","","Discontinued"
226447,"LM24613","","","Discontinued"
226441,"LM24607","","","Discontinued"
226440,"LM24606","","","Discontinued"
5054630,"E113337.00","","","Discontinued"
226439,"LM24604","","","Discontinued"
226437,"LM24602","","","Discontinued"
226435,"LM24600","","","Discontinued"
226434,"LM24599","","","Discontinued"
226433,"LM24598","","","Discontinued"
226432,"LM24597","","","Discontinued"
226415,"LM24546","","","Discontinued"
226410,"LM24539","","","Discontinued"
226406,"LM24532","","","Discontinued"
226405,"LM24531","","","Discontinued"
5909542,"176252","","","Discontinued"
5054629,"E103084.00","","","Sorry, this item is no longer available."
226404,"LM24530","","","Discontinued"
226397,"LM24515","","","Discontinued"
226395,"LM24513","","","Discontinued"
226389,"LM24497","","","Discontinued"
226387,"LM24492","","","Sorry, this item is no longer available."
226386,"LM24491","","","Discontinued"
226385,"LM24488","","","Sorry, this item is no longer available."
226384,"LM24487","","","Discontinued"
226383,"LM24486","","","Discontinued"
226376,"LM24450","","","Sorry, this item is no longer available."
5054626,"E100004.00","","","Discontinued"
226375,"LM24449","","","Discontinued"
226374,"LM24448","","","Sorry, this item is no longer available."
226373,"LM24447","","","Sorry, this item is no longer available."
226372,"LM24446","","","Sorry, this item is no longer available."
226371,"LM24445","","","Sorry, this item is no longer available."
226369,"LM24443","","","Sorry, this item is no longer available."
226353,"LM24354","","","Sorry, this item is no longer available."
226345,"LM24295","","","Discontinued"
226342,"LM24291","","","Discontinued"
226339,"LM24276","","","Sorry, this item is no longer available."
5054625,"E103083.00","","","Sorry, this item is no longer available."
226338,"LM24273","","","Sorry, this item is no longer available."
2526174,"120485","","",""
226335,"LM24268","","","Discontinued"
226333,"LM24266","","","Discontinued"
226331,"LM24262","","","Discontinued"
226329,"LM24259","","","Discontinued"
226328,"LM24258","","","Discontinued"
226253,"LM24169","","","Sorry, this item is no longer available."
226250,"LM24165","","","Sorry, this item is no longer available."
226236,"LM24151","","","Sorry, this item is no longer available."
226226,"LM24140","","","Sorry, this item is no longer available."
5054624,"E103025.00","","","Discontinued"
226222,"LM24136","","","Sorry, this item is no longer available."
226220,"LM24134","","","Sorry, this item is no longer available."
226215,"LM24129","","","Sorry, this item is no longer available."
226214,"LM24128","","","Sorry, this item is no longer available."
226200,"LM24114","","","Sorry, this item is no longer available."
226193,"LM24107","","","Sorry, this item is no longer available."
226189,"LM24103","","","Sorry, this item is no longer available."
