id,catalog_number,url
6391391,9136770,https://www.regalrexnord.com/search/products?query=9136770
6391327,GT1515,https://www.regalrexnord.com/search/products?query=GT1515
6377714,21358.01,https://www.regalrexnord.com/search/products?query=21358.01
6318719,MOD24B 184T-256T,https://www.regalrexnord.com/search/products?query=MOD24B 184T-256T
6097879,3307.03,https://www.regalrexnord.com/search/products?query=3307.03
5909547,176257,https://www.regalrexnord.com/search/products?query=176257
5909546,176256,https://www.regalrexnord.com/search/products?query=176256
5909542,176252,https://www.regalrexnord.com/search/products?query=176252
5909515,119957,https://www.regalrexnord.com/search/products?query=119957
5772738,900007.01,https://www.regalrexnord.com/search/products?query=900007.01
5768551,LM34232,https://www.regalrexnord.com/search/products?query=LM34232
5768548,LM34227,https://www.regalrexnord.com/search/products?query=LM34227
5768547,LM34225,https://www.regalrexnord.com/search/products?query=LM34225
5768546,LM34223,https://www.regalrexnord.com/search/products?query=LM34223
5768545,LM34222,https://www.regalrexnord.com/search/products?query=LM34222
5768544,LM34221,https://www.regalrexnord.com/search/products?query=LM34221
5768541,LM34141,https://www.regalrexnord.com/search/products?query=LM34141
5768498,E119879.00,https://www.regalrexnord.com/search/products?query=E119879.00
5768497,E119864.00,https://www.regalrexnord.com/search/products?query=E119864.00
5768495,E119858.00,https://www.regalrexnord.com/search/products?query=E119858.00
5768494,E116707.00,https://www.regalrexnord.com/search/products?query=E116707.00
5768492,E114215.00,https://www.regalrexnord.com/search/products?query=E114215.00
5768489,E113896.00,https://www.regalrexnord.com/search/products?query=E113896.00
5768488,E113895.00,https://www.regalrexnord.com/search/products?query=E113895.00
5768486,E113846.00,https://www.regalrexnord.com/search/products?query=E113846.00
5768485,E113633.00,https://www.regalrexnord.com/search/products?query=E113633.00
5768484,E113632.00,https://www.regalrexnord.com/search/products?query=E113632.00
5768483,E111311.00,https://www.regalrexnord.com/search/products?query=E111311.00
5768480,E110097.00,https://www.regalrexnord.com/search/products?query=E110097.00
5768477,E101641.00,https://www.regalrexnord.com/search/products?query=E101641.00
5768476,E101640.00,https://www.regalrexnord.com/search/products?query=E101640.00
5768475,E101639.00,https://www.regalrexnord.com/search/products?query=E101639.00
5768472,E101434.00,https://www.regalrexnord.com/search/products?query=E101434.00
5768471,E101433.00,https://www.regalrexnord.com/search/products?query=E101433.00
5768470,E101432.00,https://www.regalrexnord.com/search/products?query=E101432.00
5768469,E101015.00,https://www.regalrexnord.com/search/products?query=E101015.00
5768466,E100109.00,https://www.regalrexnord.com/search/products?query=E100109.00
5768465,E100064.00,https://www.regalrexnord.com/search/products?query=E100064.00
5768464,E100063.00,https://www.regalrexnord.com/search/products?query=E100063.00
5768463,E100053.00,https://www.regalrexnord.com/search/products?query=E100053.00
5768462,E100045.00,https://www.regalrexnord.com/search/products?query=E100045.00
5768181,192264,https://www.regalrexnord.com/search/products?query=192264
5768068,122122,https://www.regalrexnord.com/search/products?query=122122
5768066,119973,https://www.regalrexnord.com/search/products?query=119973
5768062,119737,https://www.regalrexnord.com/search/products?query=119737
5768061,119736,https://www.regalrexnord.com/search/products?query=119736
5768050,117935,https://www.regalrexnord.com/search/products?query=117935
5122199,E101431.00,https://www.regalrexnord.com/search/products?query=E101431.00
5054677,LM34229,https://www.regalrexnord.com/search/products?query=LM34229
5054671,LM34224,https://www.regalrexnord.com/search/products?query=LM34224
5054667,LM34160,https://www.regalrexnord.com/search/products?query=LM34160
5054666,E113334.00,https://www.regalrexnord.com/search/products?query=E113334.00
5054665,LM34168,https://www.regalrexnord.com/search/products?query=LM34168
5054662,LM34218,https://www.regalrexnord.com/search/products?query=LM34218
5054659,LM34159,https://www.regalrexnord.com/search/products?query=LM34159
5054652,E113932.00,https://www.regalrexnord.com/search/products?query=E113932.00
5054650,LM34180,https://www.regalrexnord.com/search/products?query=LM34180
5054649,LM34144,https://www.regalrexnord.com/search/products?query=LM34144
5054648,LM34171,https://www.regalrexnord.com/search/products?query=LM34171
5054647,E111310.00,https://www.regalrexnord.com/search/products?query=E111310.00
5054645,LM34142,https://www.regalrexnord.com/search/products?query=LM34142
5054644,LM34139,https://www.regalrexnord.com/search/products?query=LM34139
5054643,E113631.00,https://www.regalrexnord.com/search/products?query=E113631.00
5054642,LM34178,https://www.regalrexnord.com/search/products?query=LM34178
5054641,LM34140,https://www.regalrexnord.com/search/products?query=LM34140
5054640,E110036.00,https://www.regalrexnord.com/search/products?query=E110036.00
5054635,E119857.00,https://www.regalrexnord.com/search/products?query=E119857.00
5054634,E119862.00,https://www.regalrexnord.com/search/products?query=E119862.00
5054632,LM34169,https://www.regalrexnord.com/search/products?query=LM34169
5054630,E113337.00,https://www.regalrexnord.com/search/products?query=E113337.00
5054629,E103084.00,https://www.regalrexnord.com/search/products?query=E103084.00
5054626,E100004.00,https://www.regalrexnord.com/search/products?query=E100004.00
5054625,E103083.00,https://www.regalrexnord.com/search/products?query=E103083.00
5054624,E103025.00,https://www.regalrexnord.com/search/products?query=E103025.00
5054621,E101522.00,https://www.regalrexnord.com/search/products?query=E101522.00
5054620,LM34059,https://www.regalrexnord.com/search/products?query=LM34059
5054619,LM34481,https://www.regalrexnord.com/search/products?query=LM34481
5054617,E100588.00,https://www.regalrexnord.com/search/products?query=E100588.00
5054614,E101521.00,https://www.regalrexnord.com/search/products?query=E101521.00
5054611,LM34049,https://www.regalrexnord.com/search/products?query=LM34049
5054610,E100000.00,https://www.regalrexnord.com/search/products?query=E100000.00
5054607,E103024.00,https://www.regalrexnord.com/search/products?query=E103024.00
5054603,LM34048,https://www.regalrexnord.com/search/products?query=LM34048
5054602,E100355.00,https://www.regalrexnord.com/search/products?query=E100355.00
5054601,192266,https://www.regalrexnord.com/search/products?query=192266
5053326,E119863.00,https://www.regalrexnord.com/search/products?query=E119863.00
2983206,E119880.00,https://www.regalrexnord.com/search/products?query=E119880.00
2982629,E119860.00,https://www.regalrexnord.com/search/products?query=E119860.00
2977796,E100111.00,https://www.regalrexnord.com/search/products?query=E100111.00
2920307,LM34163,https://www.regalrexnord.com/search/products?query=LM34163
2834618,119286,https://www.regalrexnord.com/search/products?query=119286
2834611,119797,https://www.regalrexnord.com/search/products?query=119797
2834610,122338,https://www.regalrexnord.com/search/products?query=122338
2834608,109301,https://www.regalrexnord.com/search/products?query=109301
2834606,E101773.00,https://www.regalrexnord.com/search/products?query=E101773.00
2834604,109302,https://www.regalrexnord.com/search/products?query=109302
2834602,122258,https://www.regalrexnord.com/search/products?query=122258
2834595,122243,https://www.regalrexnord.com/search/products?query=122243
2834593,122240,https://www.regalrexnord.com/search/products?query=122240
2834588,122233,https://www.regalrexnord.com/search/products?query=122233
2834587,122231,https://www.regalrexnord.com/search/products?query=122231
2834582,122215,https://www.regalrexnord.com/search/products?query=122215
2834581,122214,https://www.regalrexnord.com/search/products?query=122214
2834577,122210,https://www.regalrexnord.com/search/products?query=122210
2834576,122209,https://www.regalrexnord.com/search/products?query=122209
2834575,122208,https://www.regalrexnord.com/search/products?query=122208
2834572,122205,https://www.regalrexnord.com/search/products?query=122205
2834568,122201,https://www.regalrexnord.com/search/products?query=122201
2834566,122199,https://www.regalrexnord.com/search/products?query=122199
2834559,122192,https://www.regalrexnord.com/search/products?query=122192
2834557,122190,https://www.regalrexnord.com/search/products?query=122190
2834556,122189,https://www.regalrexnord.com/search/products?query=122189
2834555,122188,https://www.regalrexnord.com/search/products?query=122188
2834554,122187,https://www.regalrexnord.com/search/products?query=122187
2834553,122186,https://www.regalrexnord.com/search/products?query=122186
2834550,122183,https://www.regalrexnord.com/search/products?query=122183
2834546,122166,https://www.regalrexnord.com/search/products?query=122166
2834544,122164,https://www.regalrexnord.com/search/products?query=122164
2834543,122163,https://www.regalrexnord.com/search/products?query=122163
2834542,122162,https://www.regalrexnord.com/search/products?query=122162
2834534,119544,https://www.regalrexnord.com/search/products?query=119544
2834528,119531,https://www.regalrexnord.com/search/products?query=119531
2834527,119530,https://www.regalrexnord.com/search/products?query=119530
2834520,119502,https://www.regalrexnord.com/search/products?query=119502
2834486,119419,https://www.regalrexnord.com/search/products?query=119419
2834474,103878,https://www.regalrexnord.com/search/products?query=103878
2834471,109304,https://www.regalrexnord.com/search/products?query=109304
2834366,LM34165,https://www.regalrexnord.com/search/products?query=LM34165
2834332,LM34063,https://www.regalrexnord.com/search/products?query=LM34063
2834331,LM34055,https://www.regalrexnord.com/search/products?query=LM34055
2834330,LM34051,https://www.regalrexnord.com/search/products?query=LM34051
2834323,LM34069,https://www.regalrexnord.com/search/products?query=LM34069
2834319,LM34058,https://www.regalrexnord.com/search/products?query=LM34058
2834317,LM34054,https://www.regalrexnord.com/search/products?query=LM34054
2834313,122255,https://www.regalrexnord.com/search/products?query=122255
2834307,811644,https://www.regalrexnord.com/search/products?query=811644
2834305,122308,https://www.regalrexnord.com/search/products?query=122308
2834268,122329,https://www.regalrexnord.com/search/products?query=122329
2834263,119507,https://www.regalrexnord.com/search/products?query=119507
2834257,119425,https://www.regalrexnord.com/search/products?query=119425
2834244,LM34056,https://www.regalrexnord.com/search/products?query=LM34056
2834237,122129,https://www.regalrexnord.com/search/products?query=122129
2834233,122244,https://www.regalrexnord.com/search/products?query=122244
2834168,LM34050,https://www.regalrexnord.com/search/products?query=LM34050
2834167,119508,https://www.regalrexnord.com/search/products?query=119508
2834162,LM34066,https://www.regalrexnord.com/search/products?query=LM34066
2834159,LM34057,https://www.regalrexnord.com/search/products?query=LM34057
2834158,LM34067,https://www.regalrexnord.com/search/products?query=LM34067
2834157,LM34053,https://www.regalrexnord.com/search/products?query=LM34053
2834156,119433,https://www.regalrexnord.com/search/products?query=119433
2834150,119441,https://www.regalrexnord.com/search/products?query=119441
2834145,122254,https://www.regalrexnord.com/search/products?query=122254
2834142,122242,https://www.regalrexnord.com/search/products?query=122242
2834141,811643,https://www.regalrexnord.com/search/products?query=811643
2834139,LM34263,https://www.regalrexnord.com/search/products?query=LM34263
2834138,122232,https://www.regalrexnord.com/search/products?query=122232
2834137,122237,https://www.regalrexnord.com/search/products?query=122237
2834131,122073,https://www.regalrexnord.com/search/products?query=122073
2795449,E101651.00,https://www.regalrexnord.com/search/products?query=E101651.00
2795225,E119361.00,https://www.regalrexnord.com/search/products?query=E119361.00
2795223,E119353.00,https://www.regalrexnord.com/search/products?query=E119353.00
2795220,E119349.00,https://www.regalrexnord.com/search/products?query=E119349.00
2795218,E116785.00,https://www.regalrexnord.com/search/products?query=E116785.00
2795217,E116784.00,https://www.regalrexnord.com/search/products?query=E116784.00
2795216,E116771.00,https://www.regalrexnord.com/search/products?query=E116771.00
2795215,E116770.00,https://www.regalrexnord.com/search/products?query=E116770.00
2795214,E116769.00,https://www.regalrexnord.com/search/products?query=E116769.00
2795213,E116765.00,https://www.regalrexnord.com/search/products?query=E116765.00
2795212,E116764.00,https://www.regalrexnord.com/search/products?query=E116764.00
2795211,E116763.00,https://www.regalrexnord.com/search/products?query=E116763.00
2795209,E116755.00,https://www.regalrexnord.com/search/products?query=E116755.00
2795196,E114218.00,https://www.regalrexnord.com/search/products?query=E114218.00
2795194,E114196.00,https://www.regalrexnord.com/search/products?query=E114196.00
2795193,E114194.00,https://www.regalrexnord.com/search/products?query=E114194.00
2795191,E113894.00,https://www.regalrexnord.com/search/products?query=E113894.00
2795190,E113293.00,https://www.regalrexnord.com/search/products?query=E113293.00
2795187,E110434.00,https://www.regalrexnord.com/search/products?query=E110434.00
2795186,E110433.00,https://www.regalrexnord.com/search/products?query=E110433.00
2795183,E110390.00,https://www.regalrexnord.com/search/products?query=E110390.00
2795180,E110384.00,https://www.regalrexnord.com/search/products?query=E110384.00
2795178,E110381.00,https://www.regalrexnord.com/search/products?query=E110381.00
2795174,E110220.00,https://www.regalrexnord.com/search/products?query=E110220.00
2795173,E110111.00,https://www.regalrexnord.com/search/products?query=E110111.00
2795170,E110027.00,https://www.regalrexnord.com/search/products?query=E110027.00
2795167,E110003.00,https://www.regalrexnord.com/search/products?query=E110003.00
2795165,E104018.00,https://www.regalrexnord.com/search/products?query=E104018.00
2795164,E103021.00,https://www.regalrexnord.com/search/products?query=E103021.00
2795163,E103017.00,https://www.regalrexnord.com/search/products?query=E103017.00
2795162,E103014.00,https://www.regalrexnord.com/search/products?query=E103014.00
2795159,E101449.00,https://www.regalrexnord.com/search/products?query=E101449.00
2795158,E101448.00,https://www.regalrexnord.com/search/products?query=E101448.00
2795157,E101447.00,https://www.regalrexnord.com/search/products?query=E101447.00
2795156,E100600.00,https://www.regalrexnord.com/search/products?query=E100600.00
2795155,E100446.00,https://www.regalrexnord.com/search/products?query=E100446.00
2795154,E100378.00,https://www.regalrexnord.com/search/products?query=E100378.00
2795151,E100356.00,https://www.regalrexnord.com/search/products?query=E100356.00
2795150,E100354.00,https://www.regalrexnord.com/search/products?query=E100354.00
2795144,E100184.00,https://www.regalrexnord.com/search/products?query=E100184.00
2795074,191544,https://www.regalrexnord.com/search/products?query=191544
2787920,E116756.00,https://www.regalrexnord.com/search/products?query=E116756.00
2528152,LM24264,https://www.regalrexnord.com/search/products?query=LM24264
2528130,A099900.00,https://www.regalrexnord.com/search/products?query=A099900.00
2528126,A099461.00,https://www.regalrexnord.com/search/products?query=A099461.00
2528125,A099460.00,https://www.regalrexnord.com/search/products?query=A099460.00
2528122,A099251.00,https://www.regalrexnord.com/search/products?query=A099251.00
2528119,A090585.00,https://www.regalrexnord.com/search/products?query=A090585.00
2528110,970.6,https://www.regalrexnord.com/search/products?query=970.6
2527985,811544,https://www.regalrexnord.com/search/products?query=811544
2527983,811542,https://www.regalrexnord.com/search/products?query=811542
2527982,811541,https://www.regalrexnord.com/search/products?query=811541
2527971,810546,https://www.regalrexnord.com/search/products?query=810546
2527688,192213,https://www.regalrexnord.com/search/products?query=192213
2527686,192212,https://www.regalrexnord.com/search/products?query=192212
2527666,192202,https://www.regalrexnord.com/search/products?query=192202
2527664,192201,https://www.regalrexnord.com/search/products?query=192201
2527620,192049,https://www.regalrexnord.com/search/products?query=192049
2527602,192039,https://www.regalrexnord.com/search/products?query=192039
2527596,192036,https://www.regalrexnord.com/search/products?query=192036
2527586,192030,https://www.regalrexnord.com/search/products?query=192030
2527574,192024,https://www.regalrexnord.com/search/products?query=192024
2527570,192021,https://www.regalrexnord.com/search/products?query=192021
2527566,192019,https://www.regalrexnord.com/search/products?query=192019
2527560,192016,https://www.regalrexnord.com/search/products?query=192016
2527556,192014,https://www.regalrexnord.com/search/products?query=192014
2527554,192012,https://www.regalrexnord.com/search/products?query=192012
2527550,192010,https://www.regalrexnord.com/search/products?query=192010
2527524,191476,https://www.regalrexnord.com/search/products?query=191476
2527519,191420,https://www.regalrexnord.com/search/products?query=191420
2527480,191200,https://www.regalrexnord.com/search/products?query=191200
2527429,175901,https://www.regalrexnord.com/search/products?query=175901
2527366,175792,https://www.regalrexnord.com/search/products?query=175792
2527361,175787,https://www.regalrexnord.com/search/products?query=175787
2527232,175158,https://www.regalrexnord.com/search/products?query=175158
2526379,128023,https://www.regalrexnord.com/search/products?query=128023
2526375,122115,https://www.regalrexnord.com/search/products?query=122115
2526371,122111,https://www.regalrexnord.com/search/products?query=122111
2526361,122100,https://www.regalrexnord.com/search/products?query=122100
2526359,122098,https://www.regalrexnord.com/search/products?query=122098
2526353,122092,https://www.regalrexnord.com/search/products?query=122092
2526352,122091,https://www.regalrexnord.com/search/products?query=122091
2526350,122089,https://www.regalrexnord.com/search/products?query=122089
2526349,122088,https://www.regalrexnord.com/search/products?query=122088
2526348,122087,https://www.regalrexnord.com/search/products?query=122087
2526344,122083,https://www.regalrexnord.com/search/products?query=122083
2526343,122082,https://www.regalrexnord.com/search/products?query=122082
2526338,122077,https://www.regalrexnord.com/search/products?query=122077
2526337,122076,https://www.regalrexnord.com/search/products?query=122076
2526326,121975,https://www.regalrexnord.com/search/products?query=121975
2526325,121974,https://www.regalrexnord.com/search/products?query=121974
2526322,121942,https://www.regalrexnord.com/search/products?query=121942
2526321,121941,https://www.regalrexnord.com/search/products?query=121941
2526320,121940,https://www.regalrexnord.com/search/products?query=121940
2526319,121939,https://www.regalrexnord.com/search/products?query=121939
2526315,121935,https://www.regalrexnord.com/search/products?query=121935
2526312,121928,https://www.regalrexnord.com/search/products?query=121928
2526303,121914,https://www.regalrexnord.com/search/products?query=121914
2526301,121912,https://www.regalrexnord.com/search/products?query=121912
2526290,121876,https://www.regalrexnord.com/search/products?query=121876
2526288,121874,https://www.regalrexnord.com/search/products?query=121874
2526267,121676,https://www.regalrexnord.com/search/products?query=121676
2526266,121675,https://www.regalrexnord.com/search/products?query=121675
2526262,121633,https://www.regalrexnord.com/search/products?query=121633
2526261,121632,https://www.regalrexnord.com/search/products?query=121632
2526259,121624,https://www.regalrexnord.com/search/products?query=121624
2526257,121622,https://www.regalrexnord.com/search/products?query=121622
2526248,121518,https://www.regalrexnord.com/search/products?query=121518
2526244,121514,https://www.regalrexnord.com/search/products?query=121514
2526240,121276,https://www.regalrexnord.com/search/products?query=121276
2526237,121273,https://www.regalrexnord.com/search/products?query=121273
2526236,121272,https://www.regalrexnord.com/search/products?query=121272
2526234,121190,https://www.regalrexnord.com/search/products?query=121190
2526224,121096,https://www.regalrexnord.com/search/products?query=121096
2526221,121093,https://www.regalrexnord.com/search/products?query=121093
2526215,121064,https://www.regalrexnord.com/search/products?query=121064
2526214,121063,https://www.regalrexnord.com/search/products?query=121063
2526210,121009,https://www.regalrexnord.com/search/products?query=121009
2526205,121002,https://www.regalrexnord.com/search/products?query=121002
2526200,120995,https://www.regalrexnord.com/search/products?query=120995
2526194,120945,https://www.regalrexnord.com/search/products?query=120945
2526193,120944,https://www.regalrexnord.com/search/products?query=120944
2526191,120942,https://www.regalrexnord.com/search/products?query=120942
2526177,120590,https://www.regalrexnord.com/search/products?query=120590
2526176,120589,https://www.regalrexnord.com/search/products?query=120589
2526174,120485,https://www.regalrexnord.com/search/products?query=120485
2526171,120378,https://www.regalrexnord.com/search/products?query=120378
2526156,120101,https://www.regalrexnord.com/search/products?query=120101
2526154,120073,https://www.regalrexnord.com/search/products?query=120073
2526139,120001,https://www.regalrexnord.com/search/products?query=120001
2526138,120000,https://www.regalrexnord.com/search/products?query=120000
2526135,119267,https://www.regalrexnord.com/search/products?query=119267
2526132,119233,https://www.regalrexnord.com/search/products?query=119233
2526131,119232,https://www.regalrexnord.com/search/products?query=119232
2526128,119229,https://www.regalrexnord.com/search/products?query=119229
2526126,119227,https://www.regalrexnord.com/search/products?query=119227
2526111,118007,https://www.regalrexnord.com/search/products?query=118007
2526105,117772,https://www.regalrexnord.com/search/products?query=117772
2526104,117762,https://www.regalrexnord.com/search/products?query=117762
2526103,117761,https://www.regalrexnord.com/search/products?query=117761
2526095,117711,https://www.regalrexnord.com/search/products?query=117711
2526090,117706,https://www.regalrexnord.com/search/products?query=117706
2526089,117705,https://www.regalrexnord.com/search/products?query=117705
2526088,117704,https://www.regalrexnord.com/search/products?query=117704
2526082,117691,https://www.regalrexnord.com/search/products?query=117691
2526065,117280,https://www.regalrexnord.com/search/products?query=117280
2526064,117279,https://www.regalrexnord.com/search/products?query=117279
2526061,117276,https://www.regalrexnord.com/search/products?query=117276
2526054,117269,https://www.regalrexnord.com/search/products?query=117269
2526042,117120,https://www.regalrexnord.com/search/products?query=117120
2526040,117118,https://www.regalrexnord.com/search/products?query=117118
2526039,116922,https://www.regalrexnord.com/search/products?query=116922
2526027,116775,https://www.regalrexnord.com/search/products?query=116775
2526026,116774,https://www.regalrexnord.com/search/products?query=116774
2526025,116773,https://www.regalrexnord.com/search/products?query=116773
2525987,116708,https://www.regalrexnord.com/search/products?query=116708
2525975,116643,https://www.regalrexnord.com/search/products?query=116643
2525957,116601,https://www.regalrexnord.com/search/products?query=116601
2525955,116599,https://www.regalrexnord.com/search/products?query=116599
2525952,116593,https://www.regalrexnord.com/search/products?query=116593
2525933,116462,https://www.regalrexnord.com/search/products?query=116462
2525901,115878,https://www.regalrexnord.com/search/products?query=115878
2525893,115779,https://www.regalrexnord.com/search/products?query=115779
2525875,114895,https://www.regalrexnord.com/search/products?query=114895
2525873,114893,https://www.regalrexnord.com/search/products?query=114893
2525872,114892,https://www.regalrexnord.com/search/products?query=114892
2525855,114625,https://www.regalrexnord.com/search/products?query=114625
2525853,114620,https://www.regalrexnord.com/search/products?query=114620
2525851,114617,https://www.regalrexnord.com/search/products?query=114617
2525843,114560,https://www.regalrexnord.com/search/products?query=114560
2525834,114318,https://www.regalrexnord.com/search/products?query=114318
2525830,114314,https://www.regalrexnord.com/search/products?query=114314
2525826,114310,https://www.regalrexnord.com/search/products?query=114310
2525825,114309,https://www.regalrexnord.com/search/products?query=114309
2525822,114306,https://www.regalrexnord.com/search/products?query=114306
2525821,114304,https://www.regalrexnord.com/search/products?query=114304
2525819,114231,https://www.regalrexnord.com/search/products?query=114231
2525818,114229,https://www.regalrexnord.com/search/products?query=114229
2525817,114228,https://www.regalrexnord.com/search/products?query=114228
2525816,114227,https://www.regalrexnord.com/search/products?query=114227
2525815,114226,https://www.regalrexnord.com/search/products?query=114226
2525813,114224,https://www.regalrexnord.com/search/products?query=114224
2525812,114223,https://www.regalrexnord.com/search/products?query=114223
2525811,114222,https://www.regalrexnord.com/search/products?query=114222
2525808,114215,https://www.regalrexnord.com/search/products?query=114215
2525807,114214,https://www.regalrexnord.com/search/products?query=114214
2525800,114203,https://www.regalrexnord.com/search/products?query=114203
2525799,114202,https://www.regalrexnord.com/search/products?query=114202
2525787,114163,https://www.regalrexnord.com/search/products?query=114163
2525786,114162,https://www.regalrexnord.com/search/products?query=114162
2525780,114156,https://www.regalrexnord.com/search/products?query=114156
2525778,114154,https://www.regalrexnord.com/search/products?query=114154
2525776,114151,https://www.regalrexnord.com/search/products?query=114151
2525775,114150,https://www.regalrexnord.com/search/products?query=114150
2525774,114149,https://www.regalrexnord.com/search/products?query=114149
2525773,114148,https://www.regalrexnord.com/search/products?query=114148
2525769,114142,https://www.regalrexnord.com/search/products?query=114142
2525768,114102,https://www.regalrexnord.com/search/products?query=114102
2525758,113937,https://www.regalrexnord.com/search/products?query=113937
2525751,113928,https://www.regalrexnord.com/search/products?query=113928
2525749,113926,https://www.regalrexnord.com/search/products?query=113926
2525743,113920,https://www.regalrexnord.com/search/products?query=113920
2525741,113918,https://www.regalrexnord.com/search/products?query=113918
2525739,113916,https://www.regalrexnord.com/search/products?query=113916
2525738,113915,https://www.regalrexnord.com/search/products?query=113915
2525737,113914,https://www.regalrexnord.com/search/products?query=113914
2525735,113912,https://www.regalrexnord.com/search/products?query=113912
2525730,113907,https://www.regalrexnord.com/search/products?query=113907
2525725,113902,https://www.regalrexnord.com/search/products?query=113902
2525724,113901,https://www.regalrexnord.com/search/products?query=113901
2525722,113896,https://www.regalrexnord.com/search/products?query=113896
2525721,113895,https://www.regalrexnord.com/search/products?query=113895
2525719,113893,https://www.regalrexnord.com/search/products?query=113893
2525715,113847,https://www.regalrexnord.com/search/products?query=113847
2525708,113765,https://www.regalrexnord.com/search/products?query=113765
2525704,113643,https://www.regalrexnord.com/search/products?query=113643
2525696,113633,https://www.regalrexnord.com/search/products?query=113633
2525695,113632,https://www.regalrexnord.com/search/products?query=113632
2525694,113631,https://www.regalrexnord.com/search/products?query=113631
2525686,113589,https://www.regalrexnord.com/search/products?query=113589
2525678,113580,https://www.regalrexnord.com/search/products?query=113580
2525634,112523,https://www.regalrexnord.com/search/products?query=112523
2525632,112521,https://www.regalrexnord.com/search/products?query=112521
2525631,112520,https://www.regalrexnord.com/search/products?query=112520
2525630,112484,https://www.regalrexnord.com/search/products?query=112484
2525616,111961,https://www.regalrexnord.com/search/products?query=111961
2525615,111960,https://www.regalrexnord.com/search/products?query=111960
2525614,111959,https://www.regalrexnord.com/search/products?query=111959
2525613,111958,https://www.regalrexnord.com/search/products?query=111958
2525600,111940,https://www.regalrexnord.com/search/products?query=111940
2525594,111934,https://www.regalrexnord.com/search/products?query=111934
2525592,111932,https://www.regalrexnord.com/search/products?query=111932
2525591,111931,https://www.regalrexnord.com/search/products?query=111931
2525587,111923,https://www.regalrexnord.com/search/products?query=111923
2525583,111917,https://www.regalrexnord.com/search/products?query=111917
2525576,111348,https://www.regalrexnord.com/search/products?query=111348
2525575,111335,https://www.regalrexnord.com/search/products?query=111335
2525574,111334,https://www.regalrexnord.com/search/products?query=111334
2525567,111326,https://www.regalrexnord.com/search/products?query=111326
2525565,111324,https://www.regalrexnord.com/search/products?query=111324
2525564,111323,https://www.regalrexnord.com/search/products?query=111323
2525561,111311,https://www.regalrexnord.com/search/products?query=111311
2525555,111267,https://www.regalrexnord.com/search/products?query=111267
2525553,111202,https://www.regalrexnord.com/search/products?query=111202
2525548,111096,https://www.regalrexnord.com/search/products?query=111096
2525507,110441,https://www.regalrexnord.com/search/products?query=110441
2525498,110423,https://www.regalrexnord.com/search/products?query=110423
2525490,110414,https://www.regalrexnord.com/search/products?query=110414
2525488,110412,https://www.regalrexnord.com/search/products?query=110412
2525484,110398,https://www.regalrexnord.com/search/products?query=110398
2525483,110397,https://www.regalrexnord.com/search/products?query=110397
2525462,110289,https://www.regalrexnord.com/search/products?query=110289
2525461,110288,https://www.regalrexnord.com/search/products?query=110288
2525459,110275,https://www.regalrexnord.com/search/products?query=110275
2525440,110161,https://www.regalrexnord.com/search/products?query=110161
2525436,110143,https://www.regalrexnord.com/search/products?query=110143
2525428,110097,https://www.regalrexnord.com/search/products?query=110097
2525420,110065,https://www.regalrexnord.com/search/products?query=110065
2525396,110022,https://www.regalrexnord.com/search/products?query=110022
2525373,109100,https://www.regalrexnord.com/search/products?query=109100
2525371,109098,https://www.regalrexnord.com/search/products?query=109098
2525370,109097,https://www.regalrexnord.com/search/products?query=109097
2525364,109086,https://www.regalrexnord.com/search/products?query=109086
2525363,109085,https://www.regalrexnord.com/search/products?query=109085
2525358,109080,https://www.regalrexnord.com/search/products?query=109080
2525351,109073,https://www.regalrexnord.com/search/products?query=109073
2525344,109066,https://www.regalrexnord.com/search/products?query=109066
2525342,108732,https://www.regalrexnord.com/search/products?query=108732
2525340,108730,https://www.regalrexnord.com/search/products?query=108730
2525332,108706,https://www.regalrexnord.com/search/products?query=108706
2525287,108017,https://www.regalrexnord.com/search/products?query=108017
2525277,107031,https://www.regalrexnord.com/search/products?query=107031
2525276,107030,https://www.regalrexnord.com/search/products?query=107030
2525274,107028,https://www.regalrexnord.com/search/products?query=107028
2525273,107027,https://www.regalrexnord.com/search/products?query=107027
2525265,107012,https://www.regalrexnord.com/search/products?query=107012
2525262,107009,https://www.regalrexnord.com/search/products?query=107009
2525259,107006,https://www.regalrexnord.com/search/products?query=107006
2525254,107001,https://www.regalrexnord.com/search/products?query=107001
2525251,103797,https://www.regalrexnord.com/search/products?query=103797
2525246,103782,https://www.regalrexnord.com/search/products?query=103782
2525244,103530,https://www.regalrexnord.com/search/products?query=103530
2525243,103523,https://www.regalrexnord.com/search/products?query=103523
2525241,103521,https://www.regalrexnord.com/search/products?query=103521
2525240,103520,https://www.regalrexnord.com/search/products?query=103520
2525238,103418,https://www.regalrexnord.com/search/products?query=103418
2525237,103417,https://www.regalrexnord.com/search/products?query=103417
2525233,103411,https://www.regalrexnord.com/search/products?query=103411
2525232,103410,https://www.regalrexnord.com/search/products?query=103410
2525227,103405,https://www.regalrexnord.com/search/products?query=103405
2525225,103403,https://www.regalrexnord.com/search/products?query=103403
2525224,103402,https://www.regalrexnord.com/search/products?query=103402
2525221,103399,https://www.regalrexnord.com/search/products?query=103399
2525219,103397,https://www.regalrexnord.com/search/products?query=103397
2525216,103394,https://www.regalrexnord.com/search/products?query=103394
2525210,103387,https://www.regalrexnord.com/search/products?query=103387
2525205,103082,https://www.regalrexnord.com/search/products?query=103082
2525198,103019,https://www.regalrexnord.com/search/products?query=103019
2525190,102963,https://www.regalrexnord.com/search/products?query=102963
2525189,102933,https://www.regalrexnord.com/search/products?query=102933
2525187,102931,https://www.regalrexnord.com/search/products?query=102931
2525185,102929,https://www.regalrexnord.com/search/products?query=102929
2525182,102920,https://www.regalrexnord.com/search/products?query=102920
2525177,102915,https://www.regalrexnord.com/search/products?query=102915
2525176,102914,https://www.regalrexnord.com/search/products?query=102914
2525175,102913,https://www.regalrexnord.com/search/products?query=102913
2525171,102909,https://www.regalrexnord.com/search/products?query=102909
2525166,102904,https://www.regalrexnord.com/search/products?query=102904
2525149,102794,https://www.regalrexnord.com/search/products?query=102794
2525139,102690,https://www.regalrexnord.com/search/products?query=102690
2525137,102688,https://www.regalrexnord.com/search/products?query=102688
2525135,102686,https://www.regalrexnord.com/search/products?query=102686
2525134,102685,https://www.regalrexnord.com/search/products?query=102685
2525129,102663,https://www.regalrexnord.com/search/products?query=102663
2525128,102662,https://www.regalrexnord.com/search/products?query=102662
2525125,102199,https://www.regalrexnord.com/search/products?query=102199
2525124,102198,https://www.regalrexnord.com/search/products?query=102198
2525123,102197,https://www.regalrexnord.com/search/products?query=102197
2525122,102184,https://www.regalrexnord.com/search/products?query=102184
2525121,102183,https://www.regalrexnord.com/search/products?query=102183
2525115,102017,https://www.regalrexnord.com/search/products?query=102017
2525113,102015,https://www.regalrexnord.com/search/products?query=102015
2525110,102012,https://www.regalrexnord.com/search/products?query=102012
2525108,101966,https://www.regalrexnord.com/search/products?query=101966
2525107,101965,https://www.regalrexnord.com/search/products?query=101965
2525106,101839,https://www.regalrexnord.com/search/products?query=101839
2525105,101782,https://www.regalrexnord.com/search/products?query=101782
2525101,101775,https://www.regalrexnord.com/search/products?query=101775
2525093,101649,https://www.regalrexnord.com/search/products?query=101649
2525090,101646,https://www.regalrexnord.com/search/products?query=101646
2525089,101645,https://www.regalrexnord.com/search/products?query=101645
2525086,101641,https://www.regalrexnord.com/search/products?query=101641
2525085,101640,https://www.regalrexnord.com/search/products?query=101640
2525082,101637,https://www.regalrexnord.com/search/products?query=101637
2525081,101611,https://www.regalrexnord.com/search/products?query=101611
2525078,101544,https://www.regalrexnord.com/search/products?query=101544
2525074,101520,https://www.regalrexnord.com/search/products?query=101520
2525070,101446,https://www.regalrexnord.com/search/products?query=101446
2525068,101433,https://www.regalrexnord.com/search/products?query=101433
2525060,101252,https://www.regalrexnord.com/search/products?query=101252
2525059,101176,https://www.regalrexnord.com/search/products?query=101176
2525055,101079,https://www.regalrexnord.com/search/products?query=101079
2525054,101051,https://www.regalrexnord.com/search/products?query=101051
2525052,101020,https://www.regalrexnord.com/search/products?query=101020
2525051,101015,https://www.regalrexnord.com/search/products?query=101015
2525050,101013,https://www.regalrexnord.com/search/products?query=101013
2525048,100960,https://www.regalrexnord.com/search/products?query=100960
2525040,100806,https://www.regalrexnord.com/search/products?query=100806
2525038,100804,https://www.regalrexnord.com/search/products?query=100804
2525033,100767,https://www.regalrexnord.com/search/products?query=100767
2525031,100722,https://www.regalrexnord.com/search/products?query=100722
2525030,100704,https://www.regalrexnord.com/search/products?query=100704
2525019,100486,https://www.regalrexnord.com/search/products?query=100486
2525013,100366,https://www.regalrexnord.com/search/products?query=100366
2525002,100210,https://www.regalrexnord.com/search/products?query=100210
2524987,100064,https://www.regalrexnord.com/search/products?query=100064
2524977,100047,https://www.regalrexnord.com/search/products?query=100047
2524976,100046,https://www.regalrexnord.com/search/products?query=100046
2524960,100014,https://www.regalrexnord.com/search/products?query=100014
2487679,E116752.00,https://www.regalrexnord.com/search/products?query=E116752.00
2486432,E100027.00,https://www.regalrexnord.com/search/products?query=E100027.00
2383918,122031,https://www.regalrexnord.com/search/products?query=122031
2383914,122025,https://www.regalrexnord.com/search/products?query=122025
2383913,122024,https://www.regalrexnord.com/search/products?query=122024
2383897,117901,https://www.regalrexnord.com/search/products?query=117901
2383887,117876,https://www.regalrexnord.com/search/products?query=117876
2383886,117875,https://www.regalrexnord.com/search/products?query=117875
2383883,117872,https://www.regalrexnord.com/search/products?query=117872
2383880,117858,https://www.regalrexnord.com/search/products?query=117858
2383879,117857,https://www.regalrexnord.com/search/products?query=117857
2383878,117856,https://www.regalrexnord.com/search/products?query=117856
2383866,103727,https://www.regalrexnord.com/search/products?query=103727
2383865,103726,https://www.regalrexnord.com/search/products?query=103726
2383863,103724,https://www.regalrexnord.com/search/products?query=103724
2383862,103723,https://www.regalrexnord.com/search/products?query=103723
2383857,103718,https://www.regalrexnord.com/search/products?query=103718
2383856,103717,https://www.regalrexnord.com/search/products?query=103717
2383855,103716,https://www.regalrexnord.com/search/products?query=103716
2383854,103715,https://www.regalrexnord.com/search/products?query=103715
2383852,103713,https://www.regalrexnord.com/search/products?query=103713
2383850,103712,https://www.regalrexnord.com/search/products?query=103712
1290376,M1900030.21,https://www.regalrexnord.com/search/products?query=M1900030.21
1230047,900015.22,https://www.regalrexnord.com/search/products?query=900015.22
728024,M1145145.00,https://www.regalrexnord.com/search/products?query=M1145145.00
728023,M1145144.00,https://www.regalrexnord.com/search/products?query=M1145144.00
728022,M1145143.00,https://www.regalrexnord.com/search/products?query=M1145143.00
728020,M1145141.00,https://www.regalrexnord.com/search/products?query=M1145141.00
728019,M1145140.00,https://www.regalrexnord.com/search/products?query=M1145140.00
727751,LM33123,https://www.regalrexnord.com/search/products?query=LM33123
727750,LM33122,https://www.regalrexnord.com/search/products?query=LM33122
727749,LM33121,https://www.regalrexnord.com/search/products?query=LM33121
727618,LM32856,https://www.regalrexnord.com/search/products?query=LM32856
727608,LM32846,https://www.regalrexnord.com/search/products?query=LM32846
727587,LM32825,https://www.regalrexnord.com/search/products?query=LM32825
727585,LM32823,https://www.regalrexnord.com/search/products?query=LM32823
727584,LM32822,https://www.regalrexnord.com/search/products?query=LM32822
727560,LM32796,https://www.regalrexnord.com/search/products?query=LM32796
727184,LM24807,https://www.regalrexnord.com/search/products?query=LM24807
726522,900282.01,https://www.regalrexnord.com/search/products?query=900282.01
625035,900163.11,https://www.regalrexnord.com/search/products?query=900163.11
624662,900015.08,https://www.regalrexnord.com/search/products?query=900015.08
624444,M1900010.47,https://www.regalrexnord.com/search/products?query=M1900010.47
236436,P7172017.B1,https://www.regalrexnord.com/search/products?query=P7172017.B1
227585,M900599.00,https://www.regalrexnord.com/search/products?query=M900599.00
227584,M900277.00,https://www.regalrexnord.com/search/products?query=M900277.00
227583,M900197.00,https://www.regalrexnord.com/search/products?query=M900197.00
227582,M900196.00,https://www.regalrexnord.com/search/products?query=M900196.00
227561,M1145128.00,https://www.regalrexnord.com/search/products?query=M1145128.00
227559,M1145126.00,https://www.regalrexnord.com/search/products?query=M1145126.00
227554,M1145082.00,https://www.regalrexnord.com/search/products?query=M1145082.00
227552,M1145040.00,https://www.regalrexnord.com/search/products?query=M1145040.00
227539,M1145026.00,https://www.regalrexnord.com/search/products?query=M1145026.00
227535,M1140173.00,https://www.regalrexnord.com/search/products?query=M1140173.00
227533,M1140171.00,https://www.regalrexnord.com/search/products?query=M1140171.00
227531,M1135296.00,https://www.regalrexnord.com/search/products?query=M1135296.00
227530,M1135295.00,https://www.regalrexnord.com/search/products?query=M1135295.00
227529,M1135294.00,https://www.regalrexnord.com/search/products?query=M1135294.00
227527,M1135292.00,https://www.regalrexnord.com/search/products?query=M1135292.00
227526,M1135291.00,https://www.regalrexnord.com/search/products?query=M1135291.00
227524,M1135289.00,https://www.regalrexnord.com/search/products?query=M1135289.00
227523,M1135288.00,https://www.regalrexnord.com/search/products?query=M1135288.00
227522,M1135287.00,https://www.regalrexnord.com/search/products?query=M1135287.00
227521,M1135286.00,https://www.regalrexnord.com/search/products?query=M1135286.00
227520,M1135285.00,https://www.regalrexnord.com/search/products?query=M1135285.00
227519,M1135284.00,https://www.regalrexnord.com/search/products?query=M1135284.00
227516,M1135250.00,https://www.regalrexnord.com/search/products?query=M1135250.00
227511,M1135243.00,https://www.regalrexnord.com/search/products?query=M1135243.00
227509,M1135149.00,https://www.regalrexnord.com/search/products?query=M1135149.00
227502,M1135142.00,https://www.regalrexnord.com/search/products?query=M1135142.00
227501,M1135141.00,https://www.regalrexnord.com/search/products?query=M1135141.00
227499,M1135139.00,https://www.regalrexnord.com/search/products?query=M1135139.00
227480,M1135061.00,https://www.regalrexnord.com/search/products?query=M1135061.00
227478,M1135059.00,https://www.regalrexnord.com/search/products?query=M1135059.00
227476,M1135057.00,https://www.regalrexnord.com/search/products?query=M1135057.00
227475,M1135056.00,https://www.regalrexnord.com/search/products?query=M1135056.00
227461,M1130296.00,https://www.regalrexnord.com/search/products?query=M1130296.00
227459,M1130206.00,https://www.regalrexnord.com/search/products?query=M1130206.00
227457,M1130152.00,https://www.regalrexnord.com/search/products?query=M1130152.00
227456,M1130151.00,https://www.regalrexnord.com/search/products?query=M1130151.00
227455,M1130150.00,https://www.regalrexnord.com/search/products?query=M1130150.00
227453,M1130148.00,https://www.regalrexnord.com/search/products?query=M1130148.00
227452,M1130147.00,https://www.regalrexnord.com/search/products?query=M1130147.00
227451,M1130146.00,https://www.regalrexnord.com/search/products?query=M1130146.00
227447,M1130140.00,https://www.regalrexnord.com/search/products?query=M1130140.00
227444,M1130137.00,https://www.regalrexnord.com/search/products?query=M1130137.00
227441,M1130119.00,https://www.regalrexnord.com/search/products?query=M1130119.00
227432,M1125281.00,https://www.regalrexnord.com/search/products?query=M1125281.00
227427,M1125276.00,https://www.regalrexnord.com/search/products?query=M1125276.00
227425,M1125274.00,https://www.regalrexnord.com/search/products?query=M1125274.00
227418,M1125267.00,https://www.regalrexnord.com/search/products?query=M1125267.00
227412,M1125261.00,https://www.regalrexnord.com/search/products?query=M1125261.00
227411,M1125256.00,https://www.regalrexnord.com/search/products?query=M1125256.00
227410,M1125255.00,https://www.regalrexnord.com/search/products?query=M1125255.00
227408,M1125253.00,https://www.regalrexnord.com/search/products?query=M1125253.00
227407,M1125252.00,https://www.regalrexnord.com/search/products?query=M1125252.00
227406,M1125251.00,https://www.regalrexnord.com/search/products?query=M1125251.00
227405,M1125250.00,https://www.regalrexnord.com/search/products?query=M1125250.00
227404,M1125249.00,https://www.regalrexnord.com/search/products?query=M1125249.00
227403,M1125248.00,https://www.regalrexnord.com/search/products?query=M1125248.00
227402,M1125247.00,https://www.regalrexnord.com/search/products?query=M1125247.00
227398,M1125217.00,https://www.regalrexnord.com/search/products?query=M1125217.00
227385,M1125093.00,https://www.regalrexnord.com/search/products?query=M1125093.00
227384,M1125092.00,https://www.regalrexnord.com/search/products?query=M1125092.00
227369,M1125047.00,https://www.regalrexnord.com/search/products?query=M1125047.00
227361,M1125035.00,https://www.regalrexnord.com/search/products?query=M1125035.00
227353,M1120186.00,https://www.regalrexnord.com/search/products?query=M1120186.00
227348,M1120181.00,https://www.regalrexnord.com/search/products?query=M1120181.00
227344,M1120058.00,https://www.regalrexnord.com/search/products?query=M1120058.00
227342,M1120045.00,https://www.regalrexnord.com/search/products?query=M1120045.00
227330,M1115027.00,https://www.regalrexnord.com/search/products?query=M1115027.00
227329,M1115026.00,https://www.regalrexnord.com/search/products?query=M1115026.00
227317,M1110025.00,https://www.regalrexnord.com/search/products?query=M1110025.00
227316,M1110024.00,https://www.regalrexnord.com/search/products?query=M1110024.00
227298,M099260.00,https://www.regalrexnord.com/search/products?query=M099260.00
227297,M099251.00,https://www.regalrexnord.com/search/products?query=M099251.00
226957,LM26323,https://www.regalrexnord.com/search/products?query=LM26323
226955,LM26278,https://www.regalrexnord.com/search/products?query=LM26278
226954,LM26233,https://www.regalrexnord.com/search/products?query=LM26233
226952,LM26109,https://www.regalrexnord.com/search/products?query=LM26109
226951,LM26098,https://www.regalrexnord.com/search/products?query=LM26098
226949,LM26081,https://www.regalrexnord.com/search/products?query=LM26081
226944,LM25991,https://www.regalrexnord.com/search/products?query=LM25991
226943,LM25962,https://www.regalrexnord.com/search/products?query=LM25962
226805,LM25158,https://www.regalrexnord.com/search/products?query=LM25158
226801,LM25154,https://www.regalrexnord.com/search/products?query=LM25154
226798,LM25151,https://www.regalrexnord.com/search/products?query=LM25151
226796,LM25149,https://www.regalrexnord.com/search/products?query=LM25149
226787,LM25139,https://www.regalrexnord.com/search/products?query=LM25139
226783,LM25134,https://www.regalrexnord.com/search/products?query=LM25134
226782,LM25133,https://www.regalrexnord.com/search/products?query=LM25133
226780,LM25131,https://www.regalrexnord.com/search/products?query=LM25131
226776,LM25127,https://www.regalrexnord.com/search/products?query=LM25127
226775,LM25126,https://www.regalrexnord.com/search/products?query=LM25126
226772,LM25123,https://www.regalrexnord.com/search/products?query=LM25123
226768,LM25119,https://www.regalrexnord.com/search/products?query=LM25119
226765,LM25116,https://www.regalrexnord.com/search/products?query=LM25116
226764,LM25115,https://www.regalrexnord.com/search/products?query=LM25115
226653,LM24967,https://www.regalrexnord.com/search/products?query=LM24967
226651,LM24965,https://www.regalrexnord.com/search/products?query=LM24965
226650,LM24964,https://www.regalrexnord.com/search/products?query=LM24964
226635,LM24949,https://www.regalrexnord.com/search/products?query=LM24949
226632,LM24946,https://www.regalrexnord.com/search/products?query=LM24946
226615,LM24929,https://www.regalrexnord.com/search/products?query=LM24929
226566,LM24877,https://www.regalrexnord.com/search/products?query=LM24877
226564,LM24875,https://www.regalrexnord.com/search/products?query=LM24875
226560,LM24871,https://www.regalrexnord.com/search/products?query=LM24871
226552,LM24809,https://www.regalrexnord.com/search/products?query=LM24809
226536,LM24791,https://www.regalrexnord.com/search/products?query=LM24791
226522,LM24777,https://www.regalrexnord.com/search/products?query=LM24777
226521,LM24776,https://www.regalrexnord.com/search/products?query=LM24776
226518,LM24746,https://www.regalrexnord.com/search/products?query=LM24746
226517,LM24745,https://www.regalrexnord.com/search/products?query=LM24745
226515,LM24743,https://www.regalrexnord.com/search/products?query=LM24743
226512,LM24740,https://www.regalrexnord.com/search/products?query=LM24740
226511,LM24739,https://www.regalrexnord.com/search/products?query=LM24739
226510,LM24738,https://www.regalrexnord.com/search/products?query=LM24738
226508,LM24736,https://www.regalrexnord.com/search/products?query=LM24736
226507,LM24735,https://www.regalrexnord.com/search/products?query=LM24735
226505,LM24733,https://www.regalrexnord.com/search/products?query=LM24733
226504,LM24731,https://www.regalrexnord.com/search/products?query=LM24731
226500,LM24727,https://www.regalrexnord.com/search/products?query=LM24727
226499,LM24726,https://www.regalrexnord.com/search/products?query=LM24726
226496,LM24723,https://www.regalrexnord.com/search/products?query=LM24723
226483,LM24710,https://www.regalrexnord.com/search/products?query=LM24710
226479,LM24706,https://www.regalrexnord.com/search/products?query=LM24706
226468,LM24687,https://www.regalrexnord.com/search/products?query=LM24687
226459,LM24677,https://www.regalrexnord.com/search/products?query=LM24677
226449,LM24615,https://www.regalrexnord.com/search/products?query=LM24615
226448,LM24614,https://www.regalrexnord.com/search/products?query=LM24614
226447,LM24613,https://www.regalrexnord.com/search/products?query=LM24613
226441,LM24607,https://www.regalrexnord.com/search/products?query=LM24607
226440,LM24606,https://www.regalrexnord.com/search/products?query=LM24606
226439,LM24604,https://www.regalrexnord.com/search/products?query=LM24604
226437,LM24602,https://www.regalrexnord.com/search/products?query=LM24602
226435,LM24600,https://www.regalrexnord.com/search/products?query=LM24600
226434,LM24599,https://www.regalrexnord.com/search/products?query=LM24599
226433,LM24598,https://www.regalrexnord.com/search/products?query=LM24598
226432,LM24597,https://www.regalrexnord.com/search/products?query=LM24597
226415,LM24546,https://www.regalrexnord.com/search/products?query=LM24546
226410,LM24539,https://www.regalrexnord.com/search/products?query=LM24539
226406,LM24532,https://www.regalrexnord.com/search/products?query=LM24532
226405,LM24531,https://www.regalrexnord.com/search/products?query=LM24531
226404,LM24530,https://www.regalrexnord.com/search/products?query=LM24530
226397,LM24515,https://www.regalrexnord.com/search/products?query=LM24515
226395,LM24513,https://www.regalrexnord.com/search/products?query=LM24513
226389,LM24497,https://www.regalrexnord.com/search/products?query=LM24497
226387,LM24492,https://www.regalrexnord.com/search/products?query=LM24492
226386,LM24491,https://www.regalrexnord.com/search/products?query=LM24491
226385,LM24488,https://www.regalrexnord.com/search/products?query=LM24488
226384,LM24487,https://www.regalrexnord.com/search/products?query=LM24487
226383,LM24486,https://www.regalrexnord.com/search/products?query=LM24486
226376,LM24450,https://www.regalrexnord.com/search/products?query=LM24450
226375,LM24449,https://www.regalrexnord.com/search/products?query=LM24449
226374,LM24448,https://www.regalrexnord.com/search/products?query=LM24448
226373,LM24447,https://www.regalrexnord.com/search/products?query=LM24447
226372,LM24446,https://www.regalrexnord.com/search/products?query=LM24446
226371,LM24445,https://www.regalrexnord.com/search/products?query=LM24445
226369,LM24443,https://www.regalrexnord.com/search/products?query=LM24443
226353,LM24354,https://www.regalrexnord.com/search/products?query=LM24354
226345,LM24295,https://www.regalrexnord.com/search/products?query=LM24295
226342,LM24291,https://www.regalrexnord.com/search/products?query=LM24291
226339,LM24276,https://www.regalrexnord.com/search/products?query=LM24276
226338,LM24273,https://www.regalrexnord.com/search/products?query=LM24273
226335,LM24268,https://www.regalrexnord.com/search/products?query=LM24268
226333,LM24266,https://www.regalrexnord.com/search/products?query=LM24266
226331,LM24262,https://www.regalrexnord.com/search/products?query=LM24262
226329,LM24259,https://www.regalrexnord.com/search/products?query=LM24259
226328,LM24258,https://www.regalrexnord.com/search/products?query=LM24258
226253,LM24169,https://www.regalrexnord.com/search/products?query=LM24169
226250,LM24165,https://www.regalrexnord.com/search/products?query=LM24165
226236,LM24151,https://www.regalrexnord.com/search/products?query=LM24151
226226,LM24140,https://www.regalrexnord.com/search/products?query=LM24140
226222,LM24136,https://www.regalrexnord.com/search/products?query=LM24136
226220,LM24134,https://www.regalrexnord.com/search/products?query=LM24134
226215,LM24129,https://www.regalrexnord.com/search/products?query=LM24129
226214,LM24128,https://www.regalrexnord.com/search/products?query=LM24128
226200,LM24114,https://www.regalrexnord.com/search/products?query=LM24114
226193,LM24107,https://www.regalrexnord.com/search/products?query=LM24107
226189,LM24103,https://www.regalrexnord.com/search/products?query=LM24103
226188,LM24102,https://www.regalrexnord.com/search/products?query=LM24102
226169,LM24083,https://www.regalrexnord.com/search/products?query=LM24083
226163,LM24077,https://www.regalrexnord.com/search/products?query=LM24077
226161,LM24075,https://www.regalrexnord.com/search/products?query=LM24075
226159,LM24073,https://www.regalrexnord.com/search/products?query=LM24073
226060,LM22661,https://www.regalrexnord.com/search/products?query=LM22661
226059,LM22660,https://www.regalrexnord.com/search/products?query=LM22660
226058,LM22659,https://www.regalrexnord.com/search/products?query=LM22659
226056,LM22657,https://www.regalrexnord.com/search/products?query=LM22657
226055,LM22655,https://www.regalrexnord.com/search/products?query=LM22655
226053,LM22653,https://www.regalrexnord.com/search/products?query=LM22653
226047,LM22645,https://www.regalrexnord.com/search/products?query=LM22645
225876,LM21153,https://www.regalrexnord.com/search/products?query=LM21153
225875,LM21151,https://www.regalrexnord.com/search/products?query=LM21151
225874,LM21148,https://www.regalrexnord.com/search/products?query=LM21148
224764,LM10350,https://www.regalrexnord.com/search/products?query=LM10350
224763,LM10349,https://www.regalrexnord.com/search/products?query=LM10349
224760,LM10346,https://www.regalrexnord.com/search/products?query=LM10346
224757,LM10338,https://www.regalrexnord.com/search/products?query=LM10338
223898,980.159,https://www.regalrexnord.com/search/products?query=980.159
223896,970.621,https://www.regalrexnord.com/search/products?query=970.621
223892,970.577,https://www.regalrexnord.com/search/products?query=970.577
223891,970.576,https://www.regalrexnord.com/search/products?query=970.576
223841,707132L,https://www.regalrexnord.com/search/products?query=707132L
223840,707130L,https://www.regalrexnord.com/search/products?query=707130L
223839,707129L,https://www.regalrexnord.com/search/products?query=707129L
223838,707127L,https://www.regalrexnord.com/search/products?query=707127L
223837,707126L,https://www.regalrexnord.com/search/products?query=707126L
223836,707124L,https://www.regalrexnord.com/search/products?query=707124L
223835,707123L,https://www.regalrexnord.com/search/products?query=707123L
223834,707121L,https://www.regalrexnord.com/search/products?query=707121L
223833,707117L,https://www.regalrexnord.com/search/products?query=707117L
223832,707115L,https://www.regalrexnord.com/search/products?query=707115L
223831,707114L,https://www.regalrexnord.com/search/products?query=707114L
223830,707112L,https://www.regalrexnord.com/search/products?query=707112L
223829,707111X,https://www.regalrexnord.com/search/products?query=707111X
223828,707111L,https://www.regalrexnord.com/search/products?query=707111L
223826,707108L,https://www.regalrexnord.com/search/products?query=707108L
223825,707106L,https://www.regalrexnord.com/search/products?query=707106L
223824,707105L,https://www.regalrexnord.com/search/products?query=707105L
223823,707103L,https://www.regalrexnord.com/search/products?query=707103L
223822,707102L,https://www.regalrexnord.com/search/products?query=707102L
223821,707099L,https://www.regalrexnord.com/search/products?query=707099L
223820,707097L,https://www.regalrexnord.com/search/products?query=707097L
223819,707094L,https://www.regalrexnord.com/search/products?query=707094L
223818,707087L,https://www.regalrexnord.com/search/products?query=707087L
223817,707085L,https://www.regalrexnord.com/search/products?query=707085L
223816,707084L,https://www.regalrexnord.com/search/products?query=707084L
223815,707082L,https://www.regalrexnord.com/search/products?query=707082L
223814,707081X,https://www.regalrexnord.com/search/products?query=707081X
223813,707081L,https://www.regalrexnord.com/search/products?query=707081L
223812,707079L,https://www.regalrexnord.com/search/products?query=707079L
223811,707078L,https://www.regalrexnord.com/search/products?query=707078L
223810,707076L,https://www.regalrexnord.com/search/products?query=707076L
223809,707075X,https://www.regalrexnord.com/search/products?query=707075X
223808,707075L,https://www.regalrexnord.com/search/products?query=707075L
223807,707073L,https://www.regalrexnord.com/search/products?query=707073L
223806,707072L,https://www.regalrexnord.com/search/products?query=707072L
223805,707070L,https://www.regalrexnord.com/search/products?query=707070L
223804,707069X,https://www.regalrexnord.com/search/products?query=707069X
223802,707067L,https://www.regalrexnord.com/search/products?query=707067L
223801,707064L,https://www.regalrexnord.com/search/products?query=707064L
223799,707059L,https://www.regalrexnord.com/search/products?query=707059L
223798,707058L,https://www.regalrexnord.com/search/products?query=707058L
223797,707057L,https://www.regalrexnord.com/search/products?query=707057L
223796,707056L,https://www.regalrexnord.com/search/products?query=707056L
223795,707055L,https://www.regalrexnord.com/search/products?query=707055L
223794,707054L,https://www.regalrexnord.com/search/products?query=707054L
223793,707053L,https://www.regalrexnord.com/search/products?query=707053L
223792,707052L,https://www.regalrexnord.com/search/products?query=707052L
223791,707051L,https://www.regalrexnord.com/search/products?query=707051L
223790,707050L,https://www.regalrexnord.com/search/products?query=707050L
223788,707048L,https://www.regalrexnord.com/search/products?query=707048L
223787,707045L,https://www.regalrexnord.com/search/products?query=707045L
223786,707044L,https://www.regalrexnord.com/search/products?query=707044L
223785,707042L,https://www.regalrexnord.com/search/products?query=707042L
223784,707041L,https://www.regalrexnord.com/search/products?query=707041L
223783,707040L,https://www.regalrexnord.com/search/products?query=707040L
223782,707037X,https://www.regalrexnord.com/search/products?query=707037X
223781,707037L,https://www.regalrexnord.com/search/products?query=707037L
223780,707036L,https://www.regalrexnord.com/search/products?query=707036L
223779,707034L,https://www.regalrexnord.com/search/products?query=707034L
223778,707033L,https://www.regalrexnord.com/search/products?query=707033L
223777,707032L,https://www.regalrexnord.com/search/products?query=707032L
223776,707030L,https://www.regalrexnord.com/search/products?query=707030L
223775,707029L,https://www.regalrexnord.com/search/products?query=707029L
223774,707028L,https://www.regalrexnord.com/search/products?query=707028L
223773,707025X,https://www.regalrexnord.com/search/products?query=707025X
223770,707022L,https://www.regalrexnord.com/search/products?query=707022L
223769,707021X,https://www.regalrexnord.com/search/products?query=707021X
223768,707021L,https://www.regalrexnord.com/search/products?query=707021L
223767,707020X,https://www.regalrexnord.com/search/products?query=707020X
223766,707020L,https://www.regalrexnord.com/search/products?query=707020L
223764,707017X,https://www.regalrexnord.com/search/products?query=707017X
223763,707017L,https://www.regalrexnord.com/search/products?query=707017L
223762,707016X,https://www.regalrexnord.com/search/products?query=707016X
223761,707016L,https://www.regalrexnord.com/search/products?query=707016L
223760,707015L,https://www.regalrexnord.com/search/products?query=707015L
223759,707014L,https://www.regalrexnord.com/search/products?query=707014L
223758,707013X,https://www.regalrexnord.com/search/products?query=707013X
223757,707013L,https://www.regalrexnord.com/search/products?query=707013L
223756,707012X,https://www.regalrexnord.com/search/products?query=707012X
223755,707012L,https://www.regalrexnord.com/search/products?query=707012L
223753,707009X,https://www.regalrexnord.com/search/products?query=707009X
223751,707008L,https://www.regalrexnord.com/search/products?query=707008L
223750,707007X,https://www.regalrexnord.com/search/products?query=707007X
223748,707006X,https://www.regalrexnord.com/search/products?query=707006X
223747,707006L,https://www.regalrexnord.com/search/products?query=707006L
223746,707005X,https://www.regalrexnord.com/search/products?query=707005X
223745,707005L,https://www.regalrexnord.com/search/products?query=707005L
223744,707004L,https://www.regalrexnord.com/search/products?query=707004L
223743,707003X,https://www.regalrexnord.com/search/products?query=707003X
223742,707003L,https://www.regalrexnord.com/search/products?query=707003L
223741,707002L,https://www.regalrexnord.com/search/products?query=707002L
223740,707001X,https://www.regalrexnord.com/search/products?query=707001X
223739,707001L02,https://www.regalrexnord.com/search/products?query=707001L02
223738,707001L,https://www.regalrexnord.com/search/products?query=707001L
223737,707000L,https://www.regalrexnord.com/search/products?query=707000L
223736,706265L,https://www.regalrexnord.com/search/products?query=706265L
223735,705565L,https://www.regalrexnord.com/search/products?query=705565L
223734,705192X,https://www.regalrexnord.com/search/products?query=705192X
221472,98377,https://www.regalrexnord.com/search/products?query=98377
221471,98376,https://www.regalrexnord.com/search/products?query=98376
221465,98040,https://www.regalrexnord.com/search/products?query=98040
221463,98017,https://www.regalrexnord.com/search/products?query=98017
221462,98016,https://www.regalrexnord.com/search/products?query=98016
221460,98014,https://www.regalrexnord.com/search/products?query=98014
221435,96011,https://www.regalrexnord.com/search/products?query=96011
221434,96010,https://www.regalrexnord.com/search/products?query=96010
221431,96007,https://www.regalrexnord.com/search/products?query=96007
221421,92112,https://www.regalrexnord.com/search/products?query=92112
221420,92111,https://www.regalrexnord.com/search/products?query=92111
221419,92016,https://www.regalrexnord.com/search/products?query=92016
221418,92015,https://www.regalrexnord.com/search/products?query=92015
221416,92013,https://www.regalrexnord.com/search/products?query=92013
