ID,MAIN_IMAGE
1322400,https://i.ibb.co/HDynvYM/1322400.jpg
2265946,https://i.ibb.co/KxCPdTC/2265946.jpg
5979123,https://i.ibb.co/M6b6MD6/5979123.jpg
6042752,https://i.ibb.co/M6b6MD6/5979123.jpg
6373718,https://i.ibb.co/M6b6MD6/5979123.jpg
6375343,https://i.ibb.co/M6b6MD6/5979123.jpg
6421134,https://i.ibb.co/YDS2vNS/6421134.jpg
1330865,https://i.ibb.co/Qcfnvbm/1330865.jpg
1335926,https://i.ibb.co/nBGSYV9/1335926.jpg
1331940,https://i.ibb.co/7GMwrBY/1331940.jpg
6042376,https://i.ibb.co/PZJ6ytt/6422188.jpg
6422188,https://i.ibb.co/PZJ6ytt/6422188.jpg
5828549,https://i.ibb.co/4WSHcbK/5828549.jpg
6376047,https://i.ibb.co/rpYmkMK/6376047.jpg
1353091,https://i.ibb.co/ScHrvvF/5953854.jpg
5953854,https://i.ibb.co/ScHrvvF/5953854.jpg
6422222,https://i.ibb.co/nc6wpYj/6422222.jpg
6372771,https://i.ibb.co/tYkk5xJ/6372771.jpg
5834929,https://i.ibb.co/2YH4Mxp/5834929.jpg
6042181,https://i.ibb.co/2YH4Mxp/5834929.jpg
6054883,https://i.ibb.co/2YH4Mxp/5834929.jpg
6101264,https://i.ibb.co/2YH4Mxp/5834929.jpg
1319124,https://i.ibb.co/PTvdFsk/1319124.jpg
6421133,https://i.ibb.co/PTvdFsk/1319124.jpg
5828834,https://i.ibb.co/k8X9JNV/5828834.jpg
6034651,https://i.ibb.co/0hgKL1Z/6034651.jpg
6374292,https://i.ibb.co/0hgKL1Z/6034651.jpg
6348511,https://i.ibb.co/ZBXrhd6/6348511.jpg
2844909,https://i.ibb.co/8xw11ND/2844909.jpg
2862097,https://i.ibb.co/8xw11ND/2844909.jpg
6423714,https://i.ibb.co/8xw11ND/2844909.jpg
5876403,https://i.ibb.co/cJ20rMZ/5876423.jpg
5876422,https://i.ibb.co/cJ20rMZ/5876423.jpg
5876423,https://i.ibb.co/cJ20rMZ/5876423.jpg
5876424,https://i.ibb.co/cJ20rMZ/5876423.jpg
6133109,https://i.ibb.co/cJ20rMZ/5876423.jpg
1330855,https://i.ibb.co/ZX2F22H/1330855.jpg
6422441,https://i.ibb.co/rtn4vSS/6422441.jpg
5829157,https://i.ibb.co/PCWxVDQ/5829157.jpg
6374000,https://i.ibb.co/Nsq6Mhd/6422250.jpg
6422250,https://i.ibb.co/Nsq6Mhd/6422250.jpg
5835466,https://i.ibb.co/Sypwv4x/5835466.jpg
5979124,https://i.ibb.co/Sypwv4x/5835466.jpg
5813245,https://i.ibb.co/SVnm5Br/5813245.jpg
1330862,https://i.ibb.co/XVyQxFz/1330862.jpg
1328780,https://i.ibb.co/k0hQFyn/1340897.jpg
1340896,https://i.ibb.co/k0hQFyn/1340897.jpg
1340897,https://i.ibb.co/k0hQFyn/1340897.jpg
1340905,https://i.ibb.co/k0hQFyn/1340897.jpg
1340895,https://i.ibb.co/8jb2v8J/1340895.jpg
